Profile name,Profile type,Standard,Series description,Shape family,Overall depth h (mm),Overall width b (mm),Wall thickness t (mm),Web thickness tw (mm),Flange thickness tf (mm),Root radius r (mm),Outer corner radius ro (mm),Inner corner radius ri (mm),Mass per metre (kg/m),Perimeter (m),Cross-section area A (mm2),Shear area Av (mm2),"Shear area about y-y Av,y (mm2)","Shear area about z-z Av,z (mm2)",Second moment of area about y-y Iy (mm4),Second moment of area about z-z Iz (mm4),Radius of gyration about y-y iy (mm),Radius of gyration about z-z iz (mm),"Elastic section modulus about y-y Wel,y (mm3)","Elastic section modulus about z-z Wel,z (mm3)","Plastic section modulus about y-y Wpl,y (mm3)","Plastic section modulus about z-z Wpl,z (mm3)",Torsion constant It (mm4),Torsion modulus Wt (mm3),Warping constant Iw (mm6),Warping modulus Ww (mm4),Buckling curve,Section class,Data source URL
profile,type,standard,series,shape,h_mm,b_mm,t_mm,tw_mm,tf_mm,r_mm,ro_mm,ri_mm,weight_kg_m,perimeter_m,area_mm2,av_mm2,av_y_mm2,av_z_mm2,I_y_mm4,I_z_mm4,i_y_mm,i_z_mm,W_el_y_mm3,W_el_z_mm3,W_pl_y_mm3,W_pl_z_mm3,I_t_mm4,W_t_mm3,I_w_mm6,W_w_mm4,buckling_curve,section_class,source_url
IPE80,IPE,EN 10365:2017,IPE parallel flange I sections,I,80,46,,3.8,5.2,5,,,6.00,0.328,764,,478,358,801400,84890,32.4,10.5,20030,3691,23220,5818,6727,1294,115100000,135200,1,1,https://eurocodeapplied.com/design/en1993/ipe-hea-heb-hem-design-properties
IPE100,IPE,EN 10365:2017,IPE parallel flange I sections,I,100,55,,4.1,5.7,7,,,8.10,0.400,1032,,627,508,1710000,159200,40.7,12.4,34200,5789,39410,9146,11530,2023,342100000,266800,1,1,https://eurocodeapplied.com/design/en1993/ipe-hea-heb-hem-design-properties
IPE120,IPE,EN 10365:2017,IPE parallel flange I sections,I,120,64,,4.4,6.3,7,,,10.4,0.475,1321,,806,631,3178000,276700,49.0,14.5,52960,8646,60730,13580,16890,2681,872000000,483400,1,1,https://eurocodeapplied.com/design/en1993/ipe-hea-heb-hem-design-properties
IPE140,IPE,EN 10365:2017,IPE parallel flange I sections,I,140,73,,4.7,6.9,7,,,12.9,0.551,1643,,1007,764,5412000,449200,57.4,16.5,77320,12310,88340,19250,24010,3480,1951000000,808200,1,1,https://eurocodeapplied.com/design/en1993/ipe-hea-heb-hem-design-properties
IPE160,IPE,EN 10365:2017,IPE parallel flange I sections,I,160,82,,5.0,7.4,9,,,15.8,0.623,2009,,1214,966,8693000,683100,65.8,18.4,108700,16660,123900,26100,35300,4770,3889000000,1252000,1,1,https://eurocodeapplied.com/design/en1993/ipe-hea-heb-hem-design-properties
IPE180,IPE,EN 10365:2017,IPE parallel flange I sections,I,180,91,,5.3,8.0,9,,,18.8,0.698,2395,,1456,1125,13170000,1009000,74.2,20.5,146300,22160,166400,34600,47230,5904,7322000000,1882000,1,1,https://eurocodeapplied.com/design/en1993/ipe-hea-heb-hem-design-properties
IPE200,IPE,EN 10365:2017,IPE parallel flange I sections,I,200,100,,5.6,8.5,12,,,22.4,0.768,2848,,1700,1400,19430000,1424000,82.6,22.4,194300,28470,220600,44610,68460,8054,12746000000,2683000,1,1,https://eurocodeapplied.com/design/en1993/ipe-hea-heb-hem-design-properties
IPE220,IPE,EN 10365:2017,IPE parallel flange I sections,I,220,110,,5.9,9.2,12,,,26.2,0.848,3337,,2024,1588,27720000,2049000,91.1,24.8,252000,37250,285400,58110,89820,9763,22310000000,3874000,1,1,https://eurocodeapplied.com/design/en1993/ipe-hea-heb-hem-design-properties
IPE240,IPE,EN 10365:2017,IPE parallel flange I sections,I,240,120,,6.2,9.8,15,,,30.7,0.922,3912,,2352,1914,38920000,2836000,99.7,26.9,324300,47270,366600,73920,127400,13000,36680000000,5354000,1,1,https://eurocodeapplied.com/design/en1993/ipe-hea-heb-hem-design-properties
IPE270,IPE,EN 10365:2017,IPE parallel flange I sections,I,270,135,,6.6,10.2,15,,,36.1,1.041,4595,,2754,2214,57900000,4199000,112.3,30.2,428900,62200,484000,96950,157100,15400,69469000000,7974000,2,1,https://eurocodeapplied.com/design/en1993/ipe-hea-heb-hem-design-properties
IPE300,IPE,EN 10365:2017,IPE parallel flange I sections,I,300,150,,7.1,10.7,15,,,42.2,1.160,5381,,3210,2568,83560000,6038000,124.6,33.5,557100,80500,628400,125200,197500,18460,124260000000,11520000,2,1,https://eurocodeapplied.com/design/en1993/ipe-hea-heb-hem-design-properties
IPE330,IPE,EN 10365:2017,IPE parallel flange I sections,I,330,160,,7.5,11.5,18,,,49.1,1.254,6261,,3680,3081,117700000,7881000,137.1,35.5,713100,98520,804300,153700,275900,23990,196090000000,15490000,2,1,https://eurocodeapplied.com/design/en1993/ipe-hea-heb-hem-design-properties
IPE360,IPE,EN 10365:2017,IPE parallel flange I sections,I,360,170,,8.0,12.7,18,,,57.1,1.353,7273,,4318,3514,162700000,10430000,149.5,37.9,903600,122800,1019000,191100,370800,29200,309370000000,21070000,2,1,https://eurocodeapplied.com/design/en1993/ipe-hea-heb-hem-design-properties
IPE400,IPE,EN 10365:2017,IPE parallel flange I sections,I,400,180,,8.6,13.5,21,,,66.3,1.467,8446,,4860,4269,231300000,13180000,165.5,39.5,1156000,146400,1307000,229000,504100,37340,482890000000,27930000,3,1,https://eurocodeapplied.com/design/en1993/ipe-hea-heb-hem-design-properties
IPE450,IPE,EN 10365:2017,IPE parallel flange I sections,I,450,190,,9.4,14.6,21,,,77.6,1.605,9882,,5548,5085,337400000,16760000,184.8,41.2,1500000,176400,1702000,276400,660500,45240,780970000000,37970000,3,1,https://eurocodeapplied.com/design/en1993/ipe-hea-heb-hem-design-properties
IPE500,IPE,EN 10365:2017,IPE parallel flange I sections,I,500,200,,10.2,16.0,21,,,90.7,1.744,11552,,6400,5987,482000000,21420000,204.3,43.1,1928000,214200,2194000,335900,886200,55390,1235400000000,51280000,3,1,https://eurocodeapplied.com/design/en1993/ipe-hea-heb-hem-design-properties
IPE550,IPE,EN 10365:2017,IPE parallel flange I sections,I,550,210,,11.1,17.2,24,,,105.5,1.877,13442,,7224,7234,671200000,26680000,223.5,44.5,2441000,254100,2787000,400500,1217000,70760,1861500000000,66890000,4,1,https://eurocodeapplied.com/design/en1993/ipe-hea-heb-hem-design-properties
IPE600,IPE,EN 10365:2017,IPE parallel flange I sections,I,600,220,,12.0,19.0,24,,,122.4,2.015,15598,,8360,8378,920800000,33870000,243.0,46.6,3069000,307900,3512000,485600,1646000,86630,2814700000000,88510000,4,1,https://eurocodeapplied.com/design/en1993/ipe-hea-heb-hem-design-properties
HEA100,HEA,EN 10365:2017,HEA wide flange beams,I,96,100,,5.0,8.0,12,,,16.7,0.561,2124,,1600,756,3492000,1338000,40.6,25.1,72760,26760,83010,41140,51990,6499,2475000000,1143000,1,1,https://eurocodeapplied.com/design/en1993/ipe-hea-heb-hem-design-properties
HEA120,HEA,EN 10365:2017,HEA wide flange beams,I,114,120,,5.0,8.0,12,,,19.9,0.677,2534,,1920,846,6062000,2309000,48.9,30.2,106300,38480,119500,58850,59570,7446,6285000000,1998000,1,1,https://eurocodeapplied.com/design/en1993/ipe-hea-heb-hem-design-properties
HEA140,HEA,EN 10365:2017,HEA wide flange beams,I,133,140,,5.5,8.5,12,,,24.7,0.794,3142,,2380,1012,10330000,3893000,57.3,35.2,155400,55620,173500,84850,80320,9449,14729000000,3409000,1,1,https://eurocodeapplied.com/design/en1993/ipe-hea-heb-hem-design-properties
HEA160,HEA,EN 10365:2017,HEA wide flange beams,I,152,160,,6.0,9.0,15,,,30.4,0.906,3877,,2880,1321,16730000,6156000,65.7,39.8,220100,76950,245100,117600,118400,13160,30615000000,5404000,1,1,https://eurocodeapplied.com/design/en1993/ipe-hea-heb-hem-design-properties
HEA180,HEA,EN 10365:2017,HEA wide flange beams,I,171,180,,6.0,9.5,15,,,35.5,1.024,4525,,3420,1447,25100000,9246000,74.5,45.2,293600,102700,324900,156500,146600,15430,59014000000,8182000,1,1,https://eurocodeapplied.com/design/en1993/ipe-hea-heb-hem-design-properties
HEA200,HEA,EN 10365:2017,HEA wide flange beams,I,190,200,,6.5,10.0,18,,,42.3,1.136,5383,,4000,1808,36920000,13360000,82.8,49.8,388600,133600,429500,203800,204300,20430,105580000000,11830000,1,1,https://eurocodeapplied.com/design/en1993/ipe-hea-heb-hem-design-properties
HEA220,HEA,EN 10365:2017,HEA wide flange beams,I,210,220,,7.0,11.0,18,,,50.5,1.255,6434,,4840,2067,54100000,19550000,91.7,55.1,515200,177700,568500,270600,280900,25540,189610000000,17440000,1,1,https://eurocodeapplied.com/design/en1993/ipe-hea-heb-hem-design-properties
HEA240,HEA,EN 10365:2017,HEA wide flange beams,I,230,240,,7.5,12.0,21,,,60.3,1.369,7684,,5760,2518,77630000,27690000,100.5,60.0,675100,230700,744600,351700,410300,34190,321640000000,24780000,1,1,https://eurocodeapplied.com/design/en1993/ipe-hea-heb-hem-design-properties
HEA260,HEA,EN 10365:2017,HEA wide flange beams,I,250,260,,7.5,12.5,24,,,68.2,1.484,8682,,6500,2876,104500000,36680000,109.7,65.0,836400,282100,919800,430200,520000,41600,504990000000,32980000,1,1,https://eurocodeapplied.com/design/en1993/ipe-hea-heb-hem-design-properties
HEA280,HEA,EN 10365:2017,HEA wide flange beams,I,270,280,,8.0,13.0,24,,,76.4,1.603,9726,,7280,3174,136700000,47630000,118.6,70.0,1013000,340200,1112000,518100,613900,47220,770140000000,43120000,1,1,https://eurocodeapplied.com/design/en1993/ipe-hea-heb-hem-design-properties
HEA300,HEA,EN 10365:2017,HEA wide flange beams,I,290,300,,8.5,14.0,27,,,88.3,1.717,11253,,8400,3728,182600000,63100000,127.4,74.9,1260000,420600,1383000,641200,842400,60170,1174700000000,57190000,1,1,https://eurocodeapplied.com/design/en1993/ipe-hea-heb-hem-design-properties
HEA320,HEA,EN 10365:2017,HEA wide flange beams,I,310,300,,9.0,15.5,27,,,97.6,1.756,12437,,9300,4113,229300000,69850000,135.8,74.9,1479000,465700,1628000,709700,1088000,70190,1482600000000,67640000,1,1,https://eurocodeapplied.com/design/en1993/ipe-hea-heb-hem-design-properties
HEA340,HEA,EN 10365:2017,HEA wide flange beams,I,330,300,,9.5,16.5,27,,,104.8,1.795,13347,,9900,4495,276900000,74360000,144.0,74.6,1678000,495700,1850000,755900,1287000,78000,1790200000000,76670000,1,1,https://eurocodeapplied.com/design/en1993/ipe-hea-heb-hem-design-properties
HEA360,HEA,EN 10365:2017,HEA wide flange beams,I,350,300,,10.0,17.5,27,,,112.1,1.834,14276,,10500,4896,330900000,78870000,152.2,74.3,1891000,525800,2088000,802300,1510000,86290,2137700000000,86300000,1,1,https://eurocodeapplied.com/design/en1993/ipe-hea-heb-hem-design-properties
HEA400,HEA,EN 10365:2017,HEA wide flange beams,I,390,300,,11.0,19.0,27,,,124.8,1.912,15898,,11400,5733,450700000,85640000,168.4,73.4,2311000,570900,2562000,872900,1914000,100700,2893600000000,104700000,1,1,https://eurocodeapplied.com/design/en1993/ipe-hea-heb-hem-design-properties
HEA450,HEA,EN 10365:2017,HEA wide flange beams,I,440,300,,11.5,21.0,27,,,139.8,2.011,17803,,12600,6578,637200000,94650000,189.2,72.9,2896000,631000,3216000,965500,2491000,118600,4087200000000,130800000,1,1,https://eurocodeapplied.com/design/en1993/ipe-hea-heb-hem-design-properties
HEA500,HEA,EN 10365:2017,HEA wide flange beams,I,490,300,,12.0,23.0,27,,,155.1,2.110,19754,,13800,7472,869700000,103700000,209.8,72.4,3550000,691100,3949000,1059000,3177000,138100,5569200000000,159800000,1,1,https://eurocodeapplied.com/design/en1993/ipe-hea-heb-hem-design-properties
HEA550,HEA,EN 10365:2017,HEA wide flange beams,I,540,300,,12.5,24.0,27,,,166.2,2.209,21176,,14400,8372,1119000000,108200000,229.9,71.5,4146000,721300,4622000,1107000,3606000,150200,7103100000000,184400000,2,1,https://eurocodeapplied.com/design/en1993/ipe-hea-heb-hem-design-properties
HEA600,HEA,EN 10365:2017,HEA wide flange beams,I,590,300,,13.0,25.0,27,,,177.8,2.308,22646,,15000,9321,1412000000,112700000,249.7,70.5,4787000,751400,5350000,1156000,4075000,163000,8879600000000,210500000,2,1,https://eurocodeapplied.com/design/en1993/ipe-hea-heb-hem-design-properties
HEA650,HEA,EN 10365:2017,HEA wide flange beams,I,640,300,,13.5,26.0,27,,,189.7,2.407,24164,,15600,10319,1752000000,117200000,269.3,69.7,5474000,781600,6136000,1205000,4586000,176400,10915000000000,238000000,3,1,https://eurocodeapplied.com/design/en1993/ipe-hea-heb-hem-design-properties
HEA700,HEA,EN 10365:2017,HEA wide flange beams,I,690,300,,14.5,27.0,27,,,204.5,2.505,26048,,16200,11697,2153000000,121800000,287.5,68.4,6241000,811900,7032000,1257000,5228000,193600,13223000000000,267000000,3,1,https://eurocodeapplied.com/design/en1993/ipe-hea-heb-hem-design-properties
HEA800,HEA,EN 10365:2017,HEA wide flange beams,I,790,300,,15.0,28.0,30,,,224.4,2.698,28583,,16800,13883,3034000000,126400000,325.8,66.5,7682000,842600,8699000,1312000,6096000,217700,18113000000000,318200000,4,1,https://eurocodeapplied.com/design/en1993/ipe-hea-heb-hem-design-properties
HEA900,HEA,EN 10365:2017,HEA wide flange beams,I,890,300,,16.0,30.0,30,,,251.6,2.896,32053,,18000,16333,4221000000,135500000,362.9,65.0,9485000,903200,10810000,1414000,7510000,250300,24748000000000,385100000,4,1,https://eurocodeapplied.com/design/en1993/ipe-hea-heb-hem-design-properties
HEA1000,HEA,EN 10365:2017,HEA wide flange beams,I,990,300,,16.5,31.0,30,,,272.3,3.095,34685,,18600,18456,5538000000,140000000,399.6,63.5,11190000,933600,12820000,1470000,8373000,270100,31834000000000,444100000,4,1,https://eurocodeapplied.com/design/en1993/ipe-hea-heb-hem-design-properties
HEB100,HEB,EN 10365:2017,HEB wide flange beams,I,100,100,,6.0,10.0,12,,,20.4,0.567,2604,,2000,904,4495000,1673000,41.6,25.3,89910,33450,104200,51420,93090,9309,3233000000,1462000,1,1,https://eurocodeapplied.com/design/en1993/ipe-hea-heb-hem-design-properties
HEB120,HEB,EN 10365:2017,HEB wide flange beams,I,120,120,,6.5,11.0,12,,,26.7,0.686,3401,,2640,1096,8644000,3175000,50.4,30.6,144100,52920,165200,80970,139400,12670,9125000000,2824000,1,1,https://eurocodeapplied.com/design/en1993/ipe-hea-heb-hem-design-properties
HEB140,HEB,EN 10365:2017,HEB wide flange beams,I,140,140,,7.0,12.0,12,,,33.7,0.805,4296,,3360,1308,15090000,5497000,59.3,35.8,215600,78520,245400,119800,202000,16830,21965000000,4948000,1,1,https://eurocodeapplied.com/design/en1993/ipe-hea-heb-hem-design-properties
HEB160,HEB,EN 10365:2017,HEB wide flange beams,I,160,160,,8.0,13.0,15,,,42.6,0.918,5425,,4160,1759,24920000,8892000,67.8,40.5,311500,111200,354000,170000,312400,24030,46667000000,8020000,1,1,https://eurocodeapplied.com/design/en1993/ipe-hea-heb-hem-design-properties
HEB180,HEB,EN 10365:2017,HEB wide flange beams,I,180,180,,8.5,14.0,15,,,51.2,1.037,6525,,5040,2024,38310000,13630000,76.6,45.7,425700,151400,481400,231000,422400,30170,91728000000,12380000,1,1,https://eurocodeapplied.com/design/en1993/ipe-hea-heb-hem-design-properties
HEB200,HEB,EN 10365:2017,HEB wide flange beams,I,200,200,,9.0,15.0,18,,,61.3,1.151,7808,,6000,2483,56960000,20030000,85.4,50.7,569600,200300,642500,305800,595900,39730,167060000000,18230000,1,1,https://eurocodeapplied.com/design/en1993/ipe-hea-heb-hem-design-properties
HEB220,HEB,EN 10365:2017,HEB wide flange beams,I,220,220,,9.5,16.0,18,,,71.5,1.270,9104,,7040,2792,80910000,28430000,94.3,55.9,735500,258500,827000,393900,770200,48140,289510000000,26010000,1,1,https://eurocodeapplied.com/design/en1993/ipe-hea-heb-hem-design-properties
HEB240,HEB,EN 10365:2017,HEB wide flange beams,I,240,240,,10.0,17.0,21,,,83.2,1.384,10599,,8160,3323,112600000,39230000,103.1,60.8,938300,326900,1053000,498400,1036000,60940,476280000000,35890000,1,1,https://eurocodeapplied.com/design/en1993/ipe-hea-heb-hem-design-properties
HEB260,HEB,EN 10365:2017,HEB wide flange beams,I,260,260,,10.0,17.5,24,,,93.0,1.499,11844,,9100,3759,149200000,51350000,112.2,65.8,1148000,395000,1283000,602200,1257000,71830,736280000000,47140000,1,1,https://eurocodeapplied.com/design/en1993/ipe-hea-heb-hem-design-properties
HEB280,HEB,EN 10365:2017,HEB wide flange beams,I,280,280,,10.5,18.0,24,,,103.1,1.618,13136,,10080,4109,192700000,65950000,121.1,70.9,1376000,471000,1534000,717600,1453000,80720,1107200000000,60840000,1,1,https://eurocodeapplied.com/design/en1993/ipe-hea-heb-hem-design-properties
HEB300,HEB,EN 10365:2017,HEB wide flange beams,I,300,300,,11.0,19.0,27,,,117.0,1.732,14908,,11400,4743,251700000,85630000,129.9,75.8,1678000,570900,1869000,870100,1874000,98630,1651000000000,79000000,1,1,https://eurocodeapplied.com/design/en1993/ipe-hea-heb-hem-design-properties
HEB320,HEB,EN 10365:2017,HEB wide flange beams,I,320,300,,11.5,20.5,27,,,126.7,1.771,16134,,12300,5177,308200000,92390000,138.2,75.7,1926000,615900,2149000,939100,2292000,111800,2026200000000,90900000,1,1,https://eurocodeapplied.com/design/en1993/ipe-hea-heb-hem-design-properties
HEB340,HEB,EN 10365:2017,HEB wide flange beams,I,340,300,,12.0,21.5,27,,,134.2,1.810,17090,,12900,5609,366600000,96900000,146.5,75.3,2156000,646000,2408000,985700,2620000,121900,2405600000000,101500000,1,1,https://eurocodeapplied.com/design/en1993/ipe-hea-heb-hem-design-properties
HEB360,HEB,EN 10365:2017,HEB wide flange beams,I,360,300,,12.5,22.5,27,,,141.8,1.849,18063,,13500,6060,431900000,101400000,154.6,74.9,2400000,676100,2683000,1032000,2979000,132400,2829300000000,112600000,1,1,https://eurocodeapplied.com/design/en1993/ipe-hea-heb-hem-design-properties
HEB400,HEB,EN 10365:2017,HEB wide flange beams,I,400,300,,13.5,24.0,27,,,155.3,1.927,19778,,14400,6998,576800000,108200000,170.8,74.0,2884000,721300,3232000,1104000,3611000,150500,3751100000000,133900000,1,1,https://eurocodeapplied.com/design/en1993/ipe-hea-heb-hem-design-properties
HEB450,HEB,EN 10365:2017,HEB wide flange beams,I,450,300,,14.0,26.0,27,,,171.1,2.026,21798,,15600,7966,798900000,117200000,191.4,73.3,3551000,781400,3982000,1198000,4489000,172700,5177700000000,163800000,1,1,https://eurocodeapplied.com/design/en1993/ipe-hea-heb-hem-design-properties
HEB500,HEB,EN 10365:2017,HEB wide flange beams,I,500,300,,14.5,28.0,27,,,187.3,2.125,23864,,16800,8982,1072000000,126200000,211.9,72.7,4287000,841600,4815000,1292000,5499000,196400,6920700000000,196600000,1,1,https://eurocodeapplied.com/design/en1993/ipe-hea-heb-hem-design-properties
HEB550,HEB,EN 10365:2017,HEB wide flange beams,I,550,300,,15.0,29.0,27,,,199.4,2.224,25406,,17400,10007,1367000000,130800000,232.0,71.7,4971000,871800,5591000,1341000,6123000,211100,8743900000000,224900000,1,1,https://eurocodeapplied.com/design/en1993/ipe-hea-heb-hem-design-properties
HEB600,HEB,EN 10365:2017,HEB wide flange beams,I,600,300,,15.5,30.0,27,,,211.9,2.323,26996,,18000,11081,1710000000,135300000,251.7,70.8,5701000,902000,6425000,1391000,6796000,226500,10838000000000,254700000,1,1,https://eurocodeapplied.com/design/en1993/ipe-hea-heb-hem-design-properties
HEB650,HEB,EN 10365:2017,HEB wide flange beams,I,650,300,,16.0,31.0,27,,,224.8,2.422,28634,,18600,12204,2106000000,139800000,271.2,69.9,6480000,932300,7320000,1441000,7520000,242600,13219000000000,286000000,2,1,https://eurocodeapplied.com/design/en1993/ipe-hea-heb-hem-design-properties
HEB700,HEB,EN 10365:2017,HEB wide flange beams,I,700,300,,17.0,32.0,27,,,240.5,2.520,30638,,19200,13710,2569000000,144400000,289.6,68.7,7340000,962700,8327000,1495000,8417000,263000,15900000000000,318700000,2,1,https://eurocodeapplied.com/design/en1993/ipe-hea-heb-hem-design-properties
HEB800,HEB,EN 10365:2017,HEB wide flange beams,I,800,300,,17.5,33.0,30,,,262.3,2.713,33418,,19800,16175,3591000000,149000000,327.8,66.8,8977000,993600,10230000,1553000,9621000,291500,21617000000000,377500000,3,1,https://eurocodeapplied.com/design/en1993/ipe-hea-heb-hem-design-properties
HEB900,HEB,EN 10365:2017,HEB wide flange beams,I,900,300,,18.5,35.0,30,,,291.5,2.911,37128,,21000,18875,4941000000,158200000,364.8,65.3,10980000,1054000,12580000,1658000,11540000,329700,29196000000000,451800000,3,1,https://eurocodeapplied.com/design/en1993/ipe-hea-heb-hem-design-properties
HEB1000,HEB,EN 10365:2017,HEB wide flange beams,I,1000,300,,19.0,36.0,30,,,314.0,3.110,40005,,21600,21249,6447000000,162800000,401.5,63.8,12890000,1085000,14860000,1716000,12720000,353300,37340000000000,518300000,4,1,https://eurocodeapplied.com/design/en1993/ipe-hea-heb-hem-design-properties
HEM100,HEM,EN 10365:2017,HEM heavy wide flange beams,I,120,106,,12.0,20.0,12,,,41.8,0.619,5324,,4240,1804,11430000,3992000,46.3,27.4,190400,75310,235800,116300,672800,33640,9430000000,3640000,1,1,https://eurocodeapplied.com/design/en1993/ipe-hea-heb-hem-design-properties
HEM120,HEM,EN 10365:2017,HEM heavy wide flange beams,I,140,126,,12.5,21.0,12,,,52.1,0.738,6641,,5292,2115,20180000,7028000,55.1,32.5,288200,111600,350600,171600,905300,43110,23887000000,6477000,1,1,https://eurocodeapplied.com/design/en1993/ipe-hea-heb-hem-design-properties
HEM140,HEM,EN 10365:2017,HEM heavy wide flange beams,I,160,146,,13.0,22.0,12,,,63.2,0.857,8056,,6424,2446,32910000,11440000,63.9,37.7,411400,156800,493800,240500,1186000,53910,52826000000,10620000,1,1,https://eurocodeapplied.com/design/en1993/ipe-hea-heb-hem-design-properties
HEM160,HEM,EN 10365:2017,HEM heavy wide flange beams,I,180,166,,14.0,23.0,15,,,76.2,0.970,9705,,7636,3081,50980000,17590000,72.5,42.6,566500,211900,674600,325500,1608000,69910,104700000000,16290000,1,1,https://eurocodeapplied.com/design/en1993/ipe-hea-heb-hem-design-properties
HEM180,HEM,EN 10365:2017,HEM heavy wide flange beams,I,200,186,,14.5,24.0,15,,,88.9,1.089,11325,,8928,3465,74830000,25800000,81.3,47.7,748300,277400,883400,425200,2014000,83920,194300000000,24010000,1,1,https://eurocodeapplied.com/design/en1993/ipe-hea-heb-hem-design-properties
HEM200,HEM,EN 10365:2017,HEM heavy wide flange beams,I,220,206,,15.0,25.0,18,,,103.1,1.203,13128,,10300,4103,106400000,36510000,90.0,52.7,967400,354500,1135000,543200,2581000,103200,336870000000,33930000,1,1,https://eurocodeapplied.com/design/en1993/ipe-hea-heb-hem-design-properties
HEM220,HEM,EN 10365:2017,HEM heavy wide flange beams,I,240,226,,15.5,26.0,18,,,117.3,1.322,14944,,11752,4531,146000000,50120000,98.9,57.9,1217000,443500,1419000,678600,3136000,120600,559550000000,46750000,1,1,https://eurocodeapplied.com/design/en1993/ipe-hea-heb-hem-design-properties
HEM240,HEM,EN 10365:2017,HEM heavy wide flange beams,I,270,248,,18.0,32.0,21,,,156.7,1.460,19959,,15872,6007,242900000,81530000,110.3,63.9,1799000,657500,2117000,1006000,6272000,196000,1123500000000,76950000,1,1,https://eurocodeapplied.com/design/en1993/ipe-hea-heb-hem-design-properties
HEM260,HEM,EN 10365:2017,HEM heavy wide flange beams,I,290,268,,18.0,32.5,24,,,172.4,1.575,21964,,17420,6689,313100000,104500000,119.4,69.0,2159000,779700,2524000,1192000,7223000,222200,1684000000000,98650000,1,1,https://eurocodeapplied.com/design/en1993/ipe-hea-heb-hem-design-properties
HEM280,HEM,EN 10365:2017,HEM heavy wide flange beams,I,310,288,,18.5,33.0,24,,,188.5,1.694,24016,,19008,7203,395500000,131600000,128.3,74.0,2551000,914100,2966000,1397000,8094000,245300,2463000000000,124700000,1,1,https://eurocodeapplied.com/design/en1993/ipe-hea-heb-hem-design-properties
HEM300,HEM,EN 10365:2017,HEM heavy wide flange beams,I,340,310,,21.0,39.0,27,,,237.9,1.832,30308,,24180,9053,592000000,194000000,139.8,80.0,3482000,1252000,4078000,1913000,14150000,362800,4280100000000,185400000,1,1,https://eurocodeapplied.com/design/en1993/ipe-hea-heb-hem-design-properties
HEM320,HEM,EN 10365:2017,HEM heavy wide flange beams,I,359,309,,21.0,40.0,27,,,245.0,1.866,31205,,24720,9485,681300000,197100000,147.8,79.5,3796000,1276000,4435000,1951000,15100000,377500,4890000000000,200400000,1,1,https://eurocodeapplied.com/design/en1993/ipe-hea-heb-hem-design-properties
HEM340,HEM,EN 10365:2017,HEM heavy wide flange beams,I,377,309,,21.0,40.0,27,,,247.9,1.902,31583,,24720,9863,763700000,197100000,155.5,79.0,4052000,1276000,4718000,1953000,15160000,379000,5463300000000,211800000,1,1,https://eurocodeapplied.com/design/en1993/ipe-hea-heb-hem-design-properties
HEM360,HEM,EN 10365:2017,HEM heavy wide flange beams,I,395,308,,21.0,40.0,27,,,250.3,1.934,31881,,24640,10241,848700000,195200000,163.2,78.3,4297000,1268000,4989000,1942000,15170000,379200,6009300000000,221800000,1,1,https://eurocodeapplied.com/design/en1993/ipe-hea-heb-hem-design-properties
HEM400,HEM,EN 10365:2017,HEM heavy wide flange beams,I,432,307,,21.0,40.0,27,,,255.7,2.004,32578,,24560,11018,1041000000,193400000,178.8,77.0,4820000,1260000,5571000,1934000,15240000,381000,7268800000000,243500000,1,1,https://eurocodeapplied.com/design/en1993/ipe-hea-heb-hem-design-properties
HEM450,HEM,EN 10365:2017,HEM heavy wide flange beams,I,478,307,,21.0,40.0,27,,,263.3,2.096,33544,,24560,11984,1315000000,193400000,198.0,75.9,5501000,1260000,6331000,1939000,15380000,384500,9092300000000,272400000,1,1,https://eurocodeapplied.com/design/en1993/ipe-hea-heb-hem-design-properties
HEM500,HEM,EN 10365:2017,HEM heavy wide flange beams,I,524,306,,21.0,40.0,27,,,270.3,2.184,34430,,24480,12950,1619000000,191500000,216.9,74.6,6180000,1252000,7094000,1932000,15480000,387000,11012000000000,299300000,1,1,https://eurocodeapplied.com/design/en1993/ipe-hea-heb-hem-design-properties
HEM550,HEM,EN 10365:2017,HEM heavy wide flange beams,I,572,306,,21.0,40.0,27,,,278.2,2.280,35438,,24480,13958,1980000000,191600000,236.4,73.5,6923000,1252000,7933000,1937000,15630000,390800,13323000000000,329300000,1,1,https://eurocodeapplied.com/design/en1993/ipe-hea-heb-hem-design-properties
HEM600,HEM,EN 10365:2017,HEM heavy wide flange beams,I,620,305,,21.0,40.0,27,,,285.5,2.372,36366,,24400,14966,2374000000,189800000,255.5,72.2,7660000,1244000,8772000,1930000,15740000,393500,15700000000000,357000000,1,1,https://eurocodeapplied.com/design/en1993/ipe-hea-heb-hem-design-properties
HEM650,HEM,EN 10365:2017,HEM heavy wide flange beams,I,668,305,,21.0,40.0,27,,,293.4,2.468,37374,,24400,15974,2817000000,189800000,274.5,71.3,8433000,1245000,9657000,1936000,15880000,397000,18427000000000,386800000,1,1,https://eurocodeapplied.com/design/en1993/ipe-hea-heb-hem-design-properties
HEM700,HEM,EN 10365:2017,HEM heavy wide flange beams,I,716,304,,21.0,40.0,27,,,300.7,2.560,38302,,24320,16982,3293000000,188000000,293.2,70.1,9198000,1237000,10540000,1929000,15990000,399800,21161000000000,413800000,1,1,https://eurocodeapplied.com/design/en1993/ipe-hea-heb-hem-design-properties
HEM800,HEM,EN 10365:2017,HEM heavy wide flange beams,I,814,303,,21.0,40.0,30,,,317.3,2.746,40427,,24240,19427,4426000000,186300000,330.9,67.9,10870000,1230000,12490000,1930000,16630000,415800,27472000000000,470800000,1,1,https://eurocodeapplied.com/design/en1993/ipe-hea-heb-hem-design-properties
HEM900,HEM,EN 10365:2017,HEM heavy wide flange beams,I,910,302,,21.0,40.0,30,,,332.5,2.934,42363,,24160,21443,5704000000,184500000,367.0,66.0,12540000,1222000,14440000,1929000,16890000,422200,34419000000000,526200000,2,1,https://eurocodeapplied.com/design/en1993/ipe-hea-heb-hem-design-properties
HEM1000,HEM,EN 10365:2017,HEM heavy wide flange beams,I,1008,302,,21.0,40.0,30,,,348.7,3.130,44421,,24160,23501,7223000000,184600000,403.2,64.5,14330000,1222000,16570000,1940000,17190000,429800,42665000000000,586000000,3,1,https://eurocodeapplied.com/design/en1993/ipe-hea-heb-hem-design-properties
SHS 40x2.6,SHS,EN 10210-2,Hot finished square hollow sections,SHS,40.0,40.0,2.6,,,,3.9,2.6,3.00,0.153,382,191,,,87970,87970,15.2,15.2,4399,4399,5312,5312,140300,6407,,,a,1,https://eurocodeapplied.com/design/en1993/shs-design-properties
SHS 40x3.2,SHS,EN 10210-2,Hot finished square hollow sections,SHS,40.0,40.0,3.2,,,,4.8,3.2,3.61,0.152,460,230,,,102300,102300,14.9,14.9,5115,5115,6284,6284,165400,7417,,,a,1,https://eurocodeapplied.com/design/en1993/shs-design-properties
SHS 40x4,SHS,EN 10210-2,Hot finished square hollow sections,SHS,40.0,40.0,4.0,,,,6.0,4.0,4.39,0.150,559,279,,,118300,118300,14.5,14.5,5915,5915,7439,7439,194800,8536,,,a,1,https://eurocodeapplied.com/design/en1993/shs-design-properties
SHS 40x5,SHS,EN 10210-2,Hot finished square hollow sections,SHS,40.0,40.0,5.0,,,,7.5,5.0,5.28,0.147,673,337,,,133700,133700,14.1,14.1,6684,6684,8663,8663,225000,9602,,,a,1,https://eurocodeapplied.com/design/en1993/shs-design-properties
SHS 50x2.6,SHS,EN 10210-2,Hot finished square hollow sections,SHS,50.0,50.0,2.6,,,,3.9,2.6,3.81,0.193,486,243,,,180300,180300,19.3,19.3,7212,7212,8583,8583,284100,10550,,,a,1,https://eurocodeapplied.com/design/en1993/shs-design-properties
SHS 50x3.2,SHS,EN 10210-2,Hot finished square hollow sections,SHS,50.0,50.0,3.2,,,,4.8,3.2,4.62,0.192,588,294,,,212300,212300,19.0,19.0,8491,8491,10240,10240,338200,12370,,,a,1,https://eurocodeapplied.com/design/en1993/shs-design-properties
SHS 50x4,SHS,EN 10210-2,Hot finished square hollow sections,SHS,50.0,50.0,4.0,,,,6.0,4.0,5.64,0.190,719,359,,,249700,249700,18.6,18.6,9990,9990,12270,12270,403900,14490,,,a,1,https://eurocodeapplied.com/design/en1993/shs-design-properties
SHS 50x5,SHS,EN 10210-2,Hot finished square hollow sections,SHS,50.0,50.0,5.0,,,,7.5,5.0,6.85,0.187,873,437,,,288800,288800,18.2,18.2,11550,11550,14530,14530,475600,16670,,,a,1,https://eurocodeapplied.com/design/en1993/shs-design-properties
SHS 50x6.3,SHS,EN 10210-2,Hot finished square hollow sections,SHS,50.0,50.0,6.3,,,,9.4,6.3,8.31,0.184,1059,529,,,327600,327600,17.6,17.6,13100,13100,17010,17010,551900,18820,,,a,1,https://eurocodeapplied.com/design/en1993/shs-design-properties
SHS 60x2.6,SHS,EN 10210-2,Hot finished square hollow sections,SHS,60.0,60.0,2.6,,,,3.9,2.6,4.63,0.233,590,295,,,321600,321600,23.4,23.4,10720,10720,12630,12630,502500,15740,,,a,1,https://eurocodeapplied.com/design/en1993/shs-design-properties
SHS 60x3.2,SHS,EN 10210-2,Hot finished square hollow sections,SHS,60.0,60.0,3.2,,,,4.8,3.2,5.62,0.232,716,358,,,381600,381600,23.1,23.1,12720,12720,15160,15160,601900,18600,,,a,1,https://eurocodeapplied.com/design/en1993/shs-design-properties
SHS 60x4,SHS,EN 10210-2,Hot finished square hollow sections,SHS,60.0,60.0,4.0,,,,6.0,4.0,6.90,0.230,879,439,,,453900,453900,22.7,22.7,15130,15130,18310,18310,725100,22030,,,a,1,https://eurocodeapplied.com/design/en1993/shs-design-properties
SHS 60x5,SHS,EN 10210-2,Hot finished square hollow sections,SHS,60.0,60.0,5.0,,,,7.5,5.0,8.42,0.227,1073,537,,,532600,532600,22.3,22.3,17750,17750,21890,21890,864000,25720,,,a,1,https://eurocodeapplied.com/design/en1993/shs-design-properties
SHS 60x6.3,SHS,EN 10210-2,Hot finished square hollow sections,SHS,60.0,60.0,6.3,,,,9.4,6.3,10.3,0.224,1311,655,,,616500,616500,21.7,21.7,20550,20550,26000,26000,1020000,29620,,,a,1,https://eurocodeapplied.com/design/en1993/shs-design-properties
SHS 60x8,SHS,EN 10210-2,Hot finished square hollow sections,SHS,60.0,60.0,8.0,,,,12.0,8.0,12.5,0.219,1595,798,,,697300,697300,20.9,20.9,23240,23240,30440,30440,1182000,33350,,,a,1,https://eurocodeapplied.com/design/en1993/shs-design-properties
SHS 70x3.2,SHS,EN 10210-2,Hot finished square hollow sections,SHS,70.0,70.0,3.2,,,,4.8,3.2,6.63,0.272,844,422,,,623100,623100,27.2,27.2,17800,17800,21040,21040,975800,26110,,,a,1,https://eurocodeapplied.com/design/en1993/shs-design-properties
SHS 70x4,SHS,EN 10210-2,Hot finished square hollow sections,SHS,70.0,70.0,4.0,,,,6.0,4.0,8.15,0.270,1039,519,,,746900,746900,26.8,26.8,21340,21340,25540,25540,1182000,31160,,,a,1,https://eurocodeapplied.com/design/en1993/shs-design-properties
SHS 70x5,SHS,EN 10210-2,Hot finished square hollow sections,SHS,70.0,70.0,5.0,,,,7.5,5.0,9.99,0.267,1273,637,,,885000,885000,26.4,26.4,25290,25290,30760,30760,1420000,36760,,,a,1,https://eurocodeapplied.com/design/en1993/shs-design-properties
SHS 70x6.3,SHS,EN 10210-2,Hot finished square hollow sections,SHS,70.0,70.0,6.3,,,,9.4,6.3,12.3,0.264,1563,781,,,1038000,1038000,25.8,25.8,29670,29670,36880,36880,1695000,42920,,,a,1,https://eurocodeapplied.com/design/en1993/shs-design-properties
SHS 70x8,SHS,EN 10210-2,Hot finished square hollow sections,SHS,70.0,70.0,8.0,,,,12.0,8.0,15.0,0.259,1915,958,,,1198000,1198000,25.0,25.0,34220,34220,43770,43770,1997000,49240,,,a,1,https://eurocodeapplied.com/design/en1993/shs-design-properties
SHS 80x3.2,SHS,EN 10210-2,Hot finished square hollow sections,SHS,80.0,80.0,3.2,,,,4.8,3.2,7.63,0.312,972,486,,,949500,949500,31.3,31.3,23740,23740,27880,27880,1479000,34900,,,a,1,https://eurocodeapplied.com/design/en1993/shs-design-properties
SHS 80x4,SHS,EN 10210-2,Hot finished square hollow sections,SHS,80.0,80.0,4.0,,,,6.0,4.0,9.41,0.310,1199,599,,,1145000,1145000,30.9,30.9,28610,28610,33980,33980,1800000,41900,,,a,1,https://eurocodeapplied.com/design/en1993/shs-design-properties
SHS 80x5,SHS,EN 10210-2,Hot finished square hollow sections,SHS,80.0,80.0,5.0,,,,7.5,5.0,11.6,0.307,1473,737,,,1366000,1366000,30.5,30.5,34150,34150,41130,41130,2174000,49790,,,a,1,https://eurocodeapplied.com/design/en1993/shs-design-properties
SHS 80x6.3,SHS,EN 10210-2,Hot finished square hollow sections,SHS,80.0,80.0,6.3,,,,9.4,6.3,14.2,0.304,1815,907,,,1619000,1619000,29.9,29.9,40470,40470,49650,49650,2615000,58710,,,a,1,https://eurocodeapplied.com/design/en1993/shs-design-properties
SHS 80x8,SHS,EN 10210-2,Hot finished square hollow sections,SHS,80.0,80.0,8.0,,,,12.0,8.0,17.5,0.299,2235,1118,,,1893000,1893000,29.1,29.1,47320,47320,59510,59510,3117000,68290,,,a,1,https://eurocodeapplied.com/design/en1993/shs-design-properties
SHS 90x4,SHS,EN 10210-2,Hot finished square hollow sections,SHS,90.0,90.0,4.0,,,,6.0,4.0,10.7,0.350,1359,679,,,1663000,1663000,35.0,35.0,36950,36950,43610,43610,2601000,54230,,,a,1,https://eurocodeapplied.com/design/en1993/shs-design-properties
SHS 90x5,SHS,EN 10210-2,Hot finished square hollow sections,SHS,90.0,90.0,5.0,,,,7.5,5.0,13.1,0.347,1673,837,,,1996000,1996000,34.5,34.5,44350,44350,52990,52990,3155000,64810,,,a,1,https://eurocodeapplied.com/design/en1993/shs-design-properties
SHS 90x6.3,SHS,EN 10210-2,Hot finished square hollow sections,SHS,90.0,90.0,6.3,,,,9.4,6.3,16.2,0.344,2067,1033,,,2383000,2383000,34.0,34.0,52950,52950,64310,64310,3818000,77010,,,a,1,https://eurocodeapplied.com/design/en1993/shs-design-properties
SHS 90x8,SHS,EN 10210-2,Hot finished square hollow sections,SHS,90.0,90.0,8.0,,,,12.0,8.0,20.1,0.339,2555,1278,,,2815000,2815000,33.2,33.2,62550,62550,77650,77650,4590000,90500,,,a,1,https://eurocodeapplied.com/design/en1993/shs-design-properties
SHS 100x4,SHS,EN 10210-2,Hot finished square hollow sections,SHS,100.0,100.0,4.0,,,,6.0,4.0,11.9,0.390,1519,759,,,2318000,2318000,39.1,39.1,46360,46360,54440,54440,3611000,68150,,,a,1,https://eurocodeapplied.com/design/en1993/shs-design-properties
SHS 100x5,SHS,EN 10210-2,Hot finished square hollow sections,SHS,100.0,100.0,5.0,,,,7.5,5.0,14.7,0.387,1873,937,,,2794000,2794000,38.6,38.6,55890,55890,66360,66360,4394000,81830,,,a,1,https://eurocodeapplied.com/design/en1993/shs-design-properties
SHS 100x6.3,SHS,EN 10210-2,Hot finished square hollow sections,SHS,100.0,100.0,6.3,,,,9.4,6.3,18.2,0.384,2319,1159,,,3356000,3356000,38.0,38.0,67110,67110,80860,80860,5342000,97820,,,a,1,https://eurocodeapplied.com/design/en1993/shs-design-properties
SHS 100x8,SHS,EN 10210-2,Hot finished square hollow sections,SHS,100.0,100.0,8.0,,,,12.0,8.0,22.6,0.379,2875,1438,,,3996000,3996000,37.3,37.3,79920,79920,98180,98180,6462000,115900,,,a,1,https://eurocodeapplied.com/design/en1993/shs-design-properties
SHS 100x10,SHS,EN 10210-2,Hot finished square hollow sections,SHS,100.0,100.0,10.0,,,,15.0,10.0,27.4,0.374,3493,1746,,,4621000,4621000,36.4,36.4,92420,92420,116200,116200,7610000,133400,,,a,1,https://eurocodeapplied.com/design/en1993/shs-design-properties
SHS 120x5,SHS,EN 10210-2,Hot finished square hollow sections,SHS,120.0,120.0,5.0,,,,7.5,5.0,17.8,0.467,2273,1137,,,4977000,4977000,46.8,46.8,82950,82950,97590,97590,7765000,121900,,,a,1,https://eurocodeapplied.com/design/en1993/shs-design-properties
SHS 120x6.3,SHS,EN 10210-2,Hot finished square hollow sections,SHS,120.0,120.0,6.3,,,,9.4,6.3,22.2,0.464,2823,1411,,,6029000,6029000,46.2,46.2,100500,100500,119600,119600,9502000,147000,,,a,1,https://eurocodeapplied.com/design/en1993/shs-design-properties
SHS 120x8,SHS,EN 10210-2,Hot finished square hollow sections,SHS,120.0,120.0,8.0,,,,12.0,8.0,27.6,0.459,3515,1758,,,7263000,7263000,45.5,45.5,121100,121100,146500,146500,11600000,176200,,,a,1,https://eurocodeapplied.com/design/en1993/shs-design-properties
SHS 120x10,SHS,EN 10210-2,Hot finished square hollow sections,SHS,120.0,120.0,10.0,,,,15.0,10.0,33.7,0.454,4293,2146,,,8521000,8521000,44.6,44.6,142000,142000,175200,175200,13820000,205800,,,a,1,https://eurocodeapplied.com/design/en1993/shs-design-properties
SHS 120x12.5,SHS,EN 10210-2,Hot finished square hollow sections,SHS,120.0,120.0,12.5,,,,18.8,12.5,40.9,0.448,5207,2604,,,9818000,9818000,43.4,43.4,163600,163600,206800,206800,16230000,235900,,,a,1,https://eurocodeapplied.com/design/en1993/shs-design-properties
SHS 140x5,SHS,EN 10210-2,Hot finished square hollow sections,SHS,140.0,140.0,5.0,,,,7.5,5.0,21.0,0.547,2673,1337,,,8075000,8075000,55.0,55.0,115400,115400,134800,134800,12530000,169900,,,a,1,https://eurocodeapplied.com/design/en1993/shs-design-properties
SHS 140x6.3,SHS,EN 10210-2,Hot finished square hollow sections,SHS,140.0,140.0,6.3,,,,9.4,6.3,26.1,0.544,3327,1663,,,9839000,9839000,54.4,54.4,140600,140600,166000,166000,15400000,206200,,,a,1,https://eurocodeapplied.com/design/en1993/shs-design-properties
SHS 140x8,SHS,EN 10210-2,Hot finished square hollow sections,SHS,140.0,140.0,8.0,,,,12.0,8.0,32.6,0.539,4155,2078,,,11950000,11950000,53.6,53.6,170700,170700,204300,204300,18920000,249300,,,a,1,https://eurocodeapplied.com/design/en1993/shs-design-properties
SHS 140x10,SHS,EN 10210-2,Hot finished square hollow sections,SHS,140.0,140.0,10.0,,,,15.0,10.0,40.0,0.534,5093,2546,,,14160000,14160000,52.7,52.7,202300,202300,246100,246100,22720000,294100,,,a,1,https://eurocodeapplied.com/design/en1993/shs-design-properties
SHS 140x12.5,SHS,EN 10210-2,Hot finished square hollow sections,SHS,140.0,140.0,12.5,,,,18.8,12.5,48.7,0.528,6207,3104,,,16530000,16530000,51.6,51.6,236100,236100,293300,293300,26960000,341600,,,a,1,https://eurocodeapplied.com/design/en1993/shs-design-properties
SHS 150x5,SHS,EN 10210-2,Hot finished square hollow sections,SHS,150.0,150.0,5.0,,,,7.5,5.0,22.6,0.587,2873,1437,,,10020000,10020000,59.0,59.0,133600,133600,155700,155700,15500000,196900,,,a,1,https://eurocodeapplied.com/design/en1993/shs-design-properties
SHS 150x6.3,SHS,EN 10210-2,Hot finished square hollow sections,SHS,150.0,150.0,6.3,,,,9.4,6.3,28.1,0.584,3579,1789,,,12230000,12230000,58.5,58.5,163100,163100,192000,192000,19090000,239600,,,a,1,https://eurocodeapplied.com/design/en1993/shs-design-properties
SHS 150x8,SHS,EN 10210-2,Hot finished square hollow sections,SHS,150.0,150.0,8.0,,,,12.0,8.0,35.1,0.579,4475,2238,,,14910000,14910000,57.7,57.7,198700,198700,236900,236900,23510000,290600,,,a,1,https://eurocodeapplied.com/design/en1993/shs-design-properties
SHS 150x10,SHS,EN 10210-2,Hot finished square hollow sections,SHS,150.0,150.0,10.0,,,,15.0,10.0,43.1,0.574,5493,2746,,,17730000,17730000,56.8,56.8,236400,236400,286000,286000,28320000,344200,,,a,1,https://eurocodeapplied.com/design/en1993/shs-design-properties
SHS 150x12.5,SHS,EN 10210-2,Hot finished square hollow sections,SHS,150.0,150.0,12.5,,,,18.8,12.5,52.7,0.568,6707,3354,,,20800000,20800000,55.7,55.7,277400,277400,342100,342100,33750000,401900,,,a,1,https://eurocodeapplied.com/design/en1993/shs-design-properties
SHS 150x14.2,SHS,EN 10210-2,Hot finished square hollow sections,SHS,150.0,150.0,14.2,,,,21.3,14.2,58.9,0.563,7497,3749,,,22620000,22620000,54.9,54.9,301500,301500,376900,376900,37070000,435700,,,a,1,https://eurocodeapplied.com/design/en1993/shs-design-properties
SHS 150x16,SHS,EN 10210-2,Hot finished square hollow sections,SHS,150.0,150.0,16.0,,,,24.0,16.0,65.2,0.559,8301,4151,,,24300000,24300000,54.1,54.1,324000,324000,410700,410700,40260000,467000,,,a,1,https://eurocodeapplied.com/design/en1993/shs-design-properties
SHS 160x5,SHS,EN 10210-2,Hot finished square hollow sections,SHS,160.0,160.0,5.0,,,,7.5,5.0,24.1,0.627,3073,1537,,,12250000,12250000,63.1,63.1,153100,153100,178100,178100,18920000,225900,,,a,1,https://eurocodeapplied.com/design/en1993/shs-design-properties
SHS 160x6.3,SHS,EN 10210-2,Hot finished square hollow sections,SHS,160.0,160.0,6.3,,,,9.4,6.3,30.1,0.624,3831,1915,,,14990000,14990000,62.6,62.6,187400,187400,219900,219900,23330000,275500,,,a,1,https://eurocodeapplied.com/design/en1993/shs-design-properties
SHS 160x8,SHS,EN 10210-2,Hot finished square hollow sections,SHS,160.0,160.0,8.0,,,,12.0,8.0,37.6,0.619,4795,2398,,,18310000,18310000,61.8,61.8,228900,228900,271800,271800,28800000,335200,,,a,1,https://eurocodeapplied.com/design/en1993/shs-design-properties
SHS 160x10,SHS,EN 10210-2,Hot finished square hollow sections,SHS,160.0,160.0,10.0,,,,15.0,10.0,46.3,0.614,5893,2946,,,21860000,21860000,60.9,60.9,273200,273200,329000,329000,34780000,398300,,,a,1,https://eurocodeapplied.com/design/en1993/shs-design-properties
SHS 160x12.5,SHS,EN 10210-2,Hot finished square hollow sections,SHS,160.0,160.0,12.5,,,,18.8,12.5,56.6,0.608,7207,3604,,,25760000,25760000,59.8,59.8,322000,322000,394700,394700,41580000,467100,,,a,1,https://eurocodeapplied.com/design/en1993/shs-design-properties
SHS 160x14.2,SHS,EN 10210-2,Hot finished square hollow sections,SHS,160.0,160.0,14.2,,,,21.3,14.2,63.3,0.603,8065,4033,,,28090000,28090000,59.0,59.0,351100,351100,435800,435800,45790000,508000,,,a,1,https://eurocodeapplied.com/design/en1993/shs-design-properties
SHS 160x16,SHS,EN 10210-2,Hot finished square hollow sections,SHS,160.0,160.0,16.0,,,,24.0,16.0,70.2,0.599,8941,4471,,,30280000,30280000,58.2,58.2,378500,378500,476100,476100,49880000,546300,,,a,1,https://eurocodeapplied.com/design/en1993/shs-design-properties
SHS 180x5,SHS,EN 10210-2,Hot finished square hollow sections,SHS,180.0,180.0,5.0,,,,7.5,5.0,27.3,0.707,3473,1737,,,17650000,17650000,71.3,71.3,196100,196100,227300,227300,27180000,289900,,,a,1,https://eurocodeapplied.com/design/en1993/shs-design-properties
SHS 180x6.3,SHS,EN 10210-2,Hot finished square hollow sections,SHS,180.0,180.0,6.3,,,,9.4,6.3,34.0,0.704,4335,2167,,,21680000,21680000,70.7,70.7,240900,240900,281300,281300,33610000,354900,,,a,1,https://eurocodeapplied.com/design/en1993/shs-design-properties
SHS 180x8,SHS,EN 10210-2,Hot finished square hollow sections,SHS,180.0,180.0,8.0,,,,12.0,8.0,42.7,0.699,5435,2718,,,26610000,26610000,70.0,70.0,295600,295600,348900,348900,41620000,433800,,,a,1,https://eurocodeapplied.com/design/en1993/shs-design-properties
SHS 180x10,SHS,EN 10210-2,Hot finished square hollow sections,SHS,180.0,180.0,10.0,,,,15.0,10.0,52.5,0.694,6693,3346,,,31930000,31930000,69.1,69.1,354800,354800,423900,423900,50480000,518500,,,a,1,https://eurocodeapplied.com/design/en1993/shs-design-properties
SHS 180x12.5,SHS,EN 10210-2,Hot finished square hollow sections,SHS,180.0,180.0,12.5,,,,18.8,12.5,64.4,0.688,8207,4104,,,37900000,37900000,68.0,68.0,421100,421100,511200,511200,60700000,612600,,,a,1,https://eurocodeapplied.com/design/en1993/shs-design-properties
SHS 180x14.2,SHS,EN 10210-2,Hot finished square hollow sections,SHS,180.0,180.0,14.2,,,,21.3,14.2,72.2,0.683,9201,4601,,,41540000,41540000,67.2,67.2,461600,461600,566300,566300,67110000,669500,,,a,1,https://eurocodeapplied.com/design/en1993/shs-design-properties
SHS 180x16,SHS,EN 10210-2,Hot finished square hollow sections,SHS,180.0,180.0,16.0,,,,24.0,16.0,80.2,0.679,10221,5111,,,45040000,45040000,66.4,66.4,500400,500400,621200,621200,73430000,724000,,,a,1,https://eurocodeapplied.com/design/en1993/shs-design-properties
SHS 200x5,SHS,EN 10210-2,Hot finished square hollow sections,SHS,200.0,200.0,5.0,,,,7.5,5.0,30.4,0.787,3873,1937,,,24450000,24450000,79.5,79.5,244500,244500,282500,282500,37560000,361900,,,a,2,https://eurocodeapplied.com/design/en1993/shs-design-properties
SHS 200x6.3,SHS,EN 10210-2,Hot finished square hollow sections,SHS,200.0,200.0,6.3,,,,9.4,6.3,38.0,0.784,4839,2419,,,30110000,30110000,78.9,78.9,301100,301100,350300,350300,46530000,444300,,,a,1,https://eurocodeapplied.com/design/en1993/shs-design-properties
SHS 200x8,SHS,EN 10210-2,Hot finished square hollow sections,SHS,200.0,200.0,8.0,,,,12.0,8.0,47.7,0.779,6075,3038,,,37090000,37090000,78.1,78.1,370900,370900,435600,435600,57780000,545200,,,a,1,https://eurocodeapplied.com/design/en1993/shs-design-properties
SHS 200x10,SHS,EN 10210-2,Hot finished square hollow sections,SHS,200.0,200.0,10.0,,,,15.0,10.0,58.8,0.774,7493,3746,,,44710000,44710000,77.2,77.2,447100,447100,530900,530900,70310000,654600,,,a,1,https://eurocodeapplied.com/design/en1993/shs-design-properties
SHS 200x12.5,SHS,EN 10210-2,Hot finished square hollow sections,SHS,200.0,200.0,12.5,,,,18.8,12.5,72.3,0.768,9207,4604,,,53360000,53360000,76.1,76.1,533600,533600,642600,642600,84910000,777900,,,a,1,https://eurocodeapplied.com/design/en1993/shs-design-properties
SHS 200x14.2,SHS,EN 10210-2,Hot finished square hollow sections,SHS,200.0,200.0,14.2,,,,21.3,14.2,81.1,0.763,10337,5169,,,58720000,58720000,75.4,75.4,587200,587200,714000,714000,94170000,853700,,,a,1,https://eurocodeapplied.com/design/en1993/shs-design-properties
SHS 200x16,SHS,EN 10210-2,Hot finished square hollow sections,SHS,200.0,200.0,16.0,,,,24.0,16.0,90.3,0.759,11501,5751,,,63940000,63940000,74.6,74.6,639400,639400,785500,785500,103400000,927100,,,a,1,https://eurocodeapplied.com/design/en1993/shs-design-properties
SHS 220x6.3,SHS,EN 10210-2,Hot finished square hollow sections,SHS,220.0,220.0,6.3,,,,9.4,6.3,41.9,0.864,5343,2671,,,40490000,40490000,87.1,87.1,368100,368100,426900,426900,62400000,543800,,,a,1,https://eurocodeapplied.com/design/en1993/shs-design-properties
SHS 220x8,SHS,EN 10210-2,Hot finished square hollow sections,SHS,220.0,220.0,8.0,,,,12.0,8.0,52.7,0.859,6715,3358,,,50020000,50020000,86.3,86.3,454700,454700,531800,531800,77650000,669400,,,a,1,https://eurocodeapplied.com/design/en1993/shs-design-properties
SHS 220x10,SHS,EN 10210-2,Hot finished square hollow sections,SHS,220.0,220.0,10.0,,,,15.0,10.0,65.1,0.854,8293,4146,,,60500000,60500000,85.4,85.4,550000,550000,649800,649800,94730000,806800,,,a,1,https://eurocodeapplied.com/design/en1993/shs-design-properties
SHS 220x12.5,SHS,EN 10210-2,Hot finished square hollow sections,SHS,220.0,220.0,12.5,,,,18.8,12.5,80.1,0.848,10207,5104,,,72540000,72540000,84.3,84.3,659500,659500,789100,789100,114800000,963200,,,a,1,https://eurocodeapplied.com/design/en1993/shs-design-properties
SHS 220x14.2,SHS,EN 10210-2,Hot finished square hollow sections,SHS,220.0,220.0,14.2,,,,21.3,14.2,90.1,0.843,11473,5737,,,80070000,80070000,83.5,83.5,727900,727900,878600,878600,127700000,1060000,,,a,1,https://eurocodeapplied.com/design/en1993/shs-design-properties
SHS 220x16,SHS,EN 10210-2,Hot finished square hollow sections,SHS,220.0,220.0,16.0,,,,24.0,16.0,100.3,0.839,12781,6391,,,87490000,87490000,82.7,82.7,795300,795300,969000,969000,140500000,1156000,,,a,1,https://eurocodeapplied.com/design/en1993/shs-design-properties
SHS 250x6.3,SHS,EN 10210-2,Hot finished square hollow sections,SHS,250.0,250.0,6.3,,,,9.4,6.3,47.9,0.984,6099,3049,,,60140000,60140000,99.3,99.3,481100,481100,555900,555900,92380000,712000,,,a,2,https://eurocodeapplied.com/design/en1993/shs-design-properties
SHS 250x8,SHS,EN 10210-2,Hot finished square hollow sections,SHS,250.0,250.0,8.0,,,,12.0,8.0,60.3,0.979,7675,3838,,,74550000,74550000,98.6,98.6,596400,596400,694200,694200,115300000,879800,,,a,1,https://eurocodeapplied.com/design/en1993/shs-design-properties
SHS 250x10,SHS,EN 10210-2,Hot finished square hollow sections,SHS,250.0,250.0,10.0,,,,15.0,10.0,74.5,0.974,9493,4746,,,90550000,90550000,97.7,97.7,724400,724400,850700,850700,141100000,1065000,,,a,1,https://eurocodeapplied.com/design/en1993/shs-design-properties
SHS 250x12.5,SHS,EN 10210-2,Hot finished square hollow sections,SHS,250.0,250.0,12.5,,,,18.8,12.5,91.9,0.968,11707,5854,,,109200000,109200000,96.6,96.6,873200,873200,1037000,1037000,171600000,1279000,,,a,1,https://eurocodeapplied.com/design/en1993/shs-design-properties
SHS 250x14.2,SHS,EN 10210-2,Hot finished square hollow sections,SHS,250.0,250.0,14.2,,,,21.3,14.2,103.4,0.963,13177,6589,,,120900000,120900000,95.8,95.8,967500,967500,1158000,1158000,191400000,1413000,,,a,1,https://eurocodeapplied.com/design/en1993/shs-design-properties
SHS 250x16,SHS,EN 10210-2,Hot finished square hollow sections,SHS,250.0,250.0,16.0,,,,24.0,16.0,115.4,0.959,14701,7351,,,132700000,132700000,95.0,95.0,1061000,1061000,1280000,1280000,211400000,1546000,,,a,1,https://eurocodeapplied.com/design/en1993/shs-design-properties
SHS 260x6.3,SHS,EN 10210-2,Hot finished square hollow sections,SHS,260.0,260.0,6.3,,,,9.4,6.3,49.9,1.024,6351,3175,,,67880000,67880000,103.4,103.4,522200,522200,602700,602700,104200000,773000,,,a,2,https://eurocodeapplied.com/design/en1993/shs-design-properties
SHS 260x8,SHS,EN 10210-2,Hot finished square hollow sections,SHS,260.0,260.0,8.0,,,,12.0,8.0,62.8,1.019,7995,3998,,,84230000,84230000,102.6,102.6,647900,647900,753200,753200,130100000,956300,,,a,1,https://eurocodeapplied.com/design/en1993/shs-design-properties
SHS 260x10,SHS,EN 10210-2,Hot finished square hollow sections,SHS,260.0,260.0,10.0,,,,15.0,10.0,77.7,1.014,9893,4946,,,102400000,102400000,101.8,101.8,787900,787900,923600,923600,159300000,1159000,,,a,1,https://eurocodeapplied.com/design/en1993/shs-design-properties
SHS 260x12.5,SHS,EN 10210-2,Hot finished square hollow sections,SHS,260.0,260.0,12.5,,,,18.8,12.5,95.8,1.008,12207,6104,,,123600000,123600000,100.6,100.6,951100,951100,1127000,1127000,194100000,1394000,,,a,1,https://eurocodeapplied.com/design/en1993/shs-design-properties
SHS 260x14.2,SHS,EN 10210-2,Hot finished square hollow sections,SHS,260.0,260.0,14.2,,,,21.3,14.2,107.9,1.003,13745,6873,,,137100000,137100000,99.9,99.9,1055000,1055000,1259000,1259000,216600000,1542000,,,a,1,https://eurocodeapplied.com/design/en1993/shs-design-properties
SHS 260x16,SHS,EN 10210-2,Hot finished square hollow sections,SHS,260.0,260.0,16.0,,,,24.0,16.0,120.4,0.999,15341,7671,,,150600000,150600000,99.1,99.1,1159000,1159000,1394000,1394000,239400000,1689000,,,a,1,https://eurocodeapplied.com/design/en1993/shs-design-properties
SHS 300x6.3,SHS,EN 10210-2,Hot finished square hollow sections,SHS,300.0,300.0,6.3,,,,9.4,6.3,57.8,1.184,7359,3679,,,105500000,105500000,119.7,119.7,703100,703100,808800,808800,161400000,1043000,,,a,4,https://eurocodeapplied.com/design/en1993/shs-design-properties
SHS 300x8,SHS,EN 10210-2,Hot finished square hollow sections,SHS,300.0,300.0,8.0,,,,12.0,8.0,72.8,1.179,9275,4638,,,131300000,131300000,119.0,119.0,875200,875200,1013000,1013000,201900000,1294000,,,a,2,https://eurocodeapplied.com/design/en1993/shs-design-properties
SHS 300x10,SHS,EN 10210-2,Hot finished square hollow sections,SHS,300.0,300.0,10.0,,,,15.0,10.0,90.2,1.174,11493,5746,,,160300000,160300000,118.1,118.1,1068000,1068000,1246000,1246000,248100000,1575000,,,a,1,https://eurocodeapplied.com/design/en1993/shs-design-properties
SHS 300x12.5,SHS,EN 10210-2,Hot finished square hollow sections,SHS,300.0,300.0,12.5,,,,18.8,12.5,111.5,1.168,14207,7104,,,194400000,194400000,117.0,117.0,1296000,1296000,1525000,1525000,303300000,1904000,,,a,1,https://eurocodeapplied.com/design/en1993/shs-design-properties
SHS 300x14.2,SHS,EN 10210-2,Hot finished square hollow sections,SHS,300.0,300.0,14.2,,,,21.3,14.2,125.7,1.163,16017,8009,,,216400000,216400000,116.2,116.2,1442000,1442000,1708000,1708000,339400000,2114000,,,a,1,https://eurocodeapplied.com/design/en1993/shs-design-properties
SHS 300x16,SHS,EN 10210-2,Hot finished square hollow sections,SHS,300.0,300.0,16.0,,,,24.0,16.0,140.5,1.159,17901,8951,,,238500000,238500000,115.4,115.4,1590000,1590000,1895000,1895000,376200000,2325000,,,a,1,https://eurocodeapplied.com/design/en1993/shs-design-properties
SHS 350x8,SHS,EN 10210-2,Hot finished square hollow sections,SHS,350.0,350.0,8.0,,,,12.0,8.0,85.4,1.379,10875,5438,,,211300000,211300000,139.4,139.4,1207000,1207000,1392000,1392000,323800000,1789000,,,a,3,https://eurocodeapplied.com/design/en1993/shs-design-properties
SHS 350x10,SHS,EN 10210-2,Hot finished square hollow sections,SHS,350.0,350.0,10.0,,,,15.0,10.0,105.9,1.374,13493,6746,,,258800000,258800000,138.5,138.5,1479000,1479000,1715000,1715000,398900000,2185000,,,a,1,https://eurocodeapplied.com/design/en1993/shs-design-properties
SHS 350x12.5,SHS,EN 10210-2,Hot finished square hollow sections,SHS,350.0,350.0,12.5,,,,18.8,12.5,131.2,1.368,16707,8354,,,315400000,315400000,137.4,137.4,1802000,1802000,2107000,2107000,489300000,2654000,,,a,1,https://eurocodeapplied.com/design/en1993/shs-design-properties
SHS 350x14.2,SHS,EN 10210-2,Hot finished square hollow sections,SHS,350.0,350.0,14.2,,,,21.3,14.2,148.0,1.363,18857,9429,,,352100000,352100000,136.6,136.6,2012000,2012000,2364000,2364000,548800000,2957000,,,a,1,https://eurocodeapplied.com/design/en1993/shs-design-properties
SHS 350x16,SHS,EN 10210-2,Hot finished square hollow sections,SHS,350.0,350.0,16.0,,,,24.0,16.0,165.6,1.359,21101,10551,,,389400000,389400000,135.8,135.8,2225000,2225000,2630000,2630000,609900000,3264000,,,a,1,https://eurocodeapplied.com/design/en1993/shs-design-properties
SHS 400x10,SHS,EN 10210-2,Hot finished square hollow sections,SHS,400.0,400.0,10.0,,,,15.0,10.0,121.6,1.574,15493,7746,,,391300000,391300000,158.9,158.9,1956000,1956000,2260000,2260000,600900000,2895000,,,a,2,https://eurocodeapplied.com/design/en1993/shs-design-properties
SHS 400x12.5,SHS,EN 10210-2,Hot finished square hollow sections,SHS,400.0,400.0,12.5,,,,18.8,12.5,150.8,1.568,19207,9604,,,478400000,478400000,157.8,157.8,2392000,2392000,2782000,2782000,739100000,3530000,,,a,1,https://eurocodeapplied.com/design/en1993/shs-design-properties
SHS 400x14.2,SHS,EN 10210-2,Hot finished square hollow sections,SHS,400.0,400.0,14.2,,,,21.3,14.2,170.3,1.563,21697,10849,,,535300000,535300000,157.1,157.1,2676000,2676000,3127000,3127000,830300000,3942000,,,a,1,https://eurocodeapplied.com/design/en1993/shs-design-properties
SHS 400x16,SHS,EN 10210-2,Hot finished square hollow sections,SHS,400.0,400.0,16.0,,,,24.0,16.0,190.8,1.559,24301,12151,,,593400000,593400000,156.3,156.3,2967000,2967000,3484000,3484000,924400000,4362000,,,a,1,https://eurocodeapplied.com/design/en1993/shs-design-properties
SHS 400x20,SHS,EN 10210-2,Hot finished square hollow sections,SHS,400.0,400.0,20.0,,,,30.0,20.0,235.3,1.548,29971,14985,,,715300000,715300000,154.5,154.5,3577000,3577000,4247000,4247000,1125000000,5237000,,,a,1,https://eurocodeapplied.com/design/en1993/shs-design-properties
RHS 50x30x2.6,RHS,EN 10210-2,Hot finished rectangular hollow sections,RHS,50,30,2.6,,,,3.9,2.6,3,0.153,382,,143,239,121800,53750,17.9,11.9,4873,3584,6118,4246,121000,5897,,,a,1,https://eurocodeapplied.com/design/en1993/rhs-design-properties
RHS 50x30x3.2,RHS,EN 10210-2,Hot finished rectangular hollow sections,RHS,50,30,3.2,,,,4.8,3.2,3.61,0.152,460,,173,288,142100,61970,17.6,11.6,5683,4132,7246,5001,141900,6796,,,a,1,https://eurocodeapplied.com/design/en1993/rhs-design-properties
RHS 50x30x4,RHS,EN 10210-2,Hot finished rectangular hollow sections,RHS,50,30,4,,,,6,4,4.39,0.15,559,,210,349,164900,70840,17.2,11.3,6596,4722,8593,5885,165900,7771,,,a,1,https://eurocodeapplied.com/design/en1993/rhs-design-properties
RHS 50x30x5,RHS,EN 10210-2,Hot finished rectangular hollow sections,RHS,50,30,5,,,,7.5,5,5.28,0.147,673,,252,421,187100,78880,16.7,10.8,7486,5258,10030,6797,189700,8667,,,a,1,https://eurocodeapplied.com/design/en1993/rhs-design-properties
RHS 60x40x2.6,RHS,EN 10210-2,Hot finished rectangular hollow sections,RHS,60,40,2.6,,,,3.9,2.6,3.81,0.193,486,,194,291,235800,124400,22,16,7862,6220,9649,7257,259300,10040,,,a,1,https://eurocodeapplied.com/design/en1993/rhs-design-properties
RHS 60x40x3.2,RHS,EN 10210-2,Hot finished rectangular hollow sections,RHS,60,40,3.2,,,,4.8,3.2,4.62,0.192,588,,235,353,278200,145700,21.8,15.7,9275,7287,11520,8639,308000,11740,,,a,1,https://eurocodeapplied.com/design/en1993/rhs-design-properties
RHS 60x40x4,RHS,EN 10210-2,Hot finished rectangular hollow sections,RHS,60,40,4,,,,6,4,5.64,0.19,719,,288,431,328300,170300,21.4,15.4,10940,8517,13830,10320,366600,13710,,,a,1,https://eurocodeapplied.com/design/en1993/rhs-design-properties
RHS 60x40x5,RHS,EN 10210-2,Hot finished rectangular hollow sections,RHS,60,40,5,,,,7.5,5,6.85,0.187,873,,349,524,380900,195300,20.9,15,12700,9767,16390,12160,429800,15710,,,a,1,https://eurocodeapplied.com/design/en1993/rhs-design-properties
RHS 60x40x6.3,RHS,EN 10210-2,Hot finished rectangular hollow sections,RHS,60,40,6.3,,,,9.4,6.3,8.31,0.184,1059,,423,635,433900,219200,20.2,14.4,14460,10960,19230,14150,495500,17640,,,a,1,https://eurocodeapplied.com/design/en1993/rhs-design-properties
RHS 80x40x3.2,RHS,EN 10210-2,Hot finished rectangular hollow sections,RHS,80,40,3.2,,,,4.8,3.2,5.62,0.232,716,,239,477,571800,189200,28.3,16.3,14300,9459,18040,10990,461900,16079.999999999998,,,a,1,https://eurocodeapplied.com/design/en1993/rhs-design-properties
RHS 80x40x4,RHS,EN 10210-2,Hot finished rectangular hollow sections,RHS,80,40,4,,,,6,4,6.9,0.23,879,,293,586,682000,222400,27.9,15.9,17050,11120,21820,13200,551900,18900,,,a,1,https://eurocodeapplied.com/design/en1993/rhs-design-properties
RHS 80x40x5,RHS,EN 10210-2,Hot finished rectangular hollow sections,RHS,80,40,5,,,,7.5,5,8.42,0.227,1073,,358,715,802800,257000,27.4,15.5,20070,12850,26130,15660,650500,21850,,,a,1,https://eurocodeapplied.com/design/en1993/rhs-design-properties
RHS 80x40x6.3,RHS,EN 10210-2,Hot finished rectangular hollow sections,RHS,80,40,6.3,,,,9.4,6.3,10.3,0.224,1311,,437,874,932800,291600,26.7,14.9,23320,14580,31080,18400,756300,24840,,,a,1,https://eurocodeapplied.com/design/en1993/rhs-design-properties
RHS 80x40x8,RHS,EN 10210-2,Hot finished rectangular hollow sections,RHS,80,40,8,,,,12,8,12.5,0.219,1595,,532,1064,1060000,321100,25.8,14.2,26500,16050,36470,21200,857600,27450,,,a,1,https://eurocodeapplied.com/design/en1993/rhs-design-properties
RHS 90x50x3.2,RHS,EN 10210-2,Hot finished rectangular hollow sections,RHS,90,50,3.2,,,,4.8,3.2,6.63,0.272,844,,301,543,891300,352700,32.5,20.4,19810,14110,24560,16230,808700,23580,,,a,1,https://eurocodeapplied.com/design/en1993/rhs-design-properties
RHS 90x50x4,RHS,EN 10210-2,Hot finished rectangular hollow sections,RHS,90,50,4,,,,6,4,8.15,0.27,1039,,371,668,1071000,419500,32.1,20.1,23800,16780,29850,19630,975200,28020,,,a,1,https://eurocodeapplied.com/design/en1993/rhs-design-properties
RHS 90x50x5,RHS,EN 10210-2,Hot finished rectangular hollow sections,RHS,90,50,5,,,,7.5,5,9.99,0.267,1273,,455,818,1273000,492100,31.6,19.7,28280,19690,35990,23530,1164000,32860,,,a,1,https://eurocodeapplied.com/design/en1993/rhs-design-properties
RHS 90x50x6.3,RHS,EN 10210-2,Hot finished rectangular hollow sections,RHS,90,50,6.3,,,,9.4,6.3,12.3,0.264,1563,,558,1005,1499000,569900,31,19.1,33300,22800,43220,28020,1377000,38060,,,a,1,https://eurocodeapplied.com/design/en1993/rhs-design-properties
RHS 90x50x8,RHS,EN 10210-2,Hot finished rectangular hollow sections,RHS,90,50,8,,,,12,8,15,0.259,1915,,684,1231,1736000,645800,30.1,18.4,38570,25830,51410,32940,1603000,43210,,,a,1,https://eurocodeapplied.com/design/en1993/rhs-design-properties
RHS 100x50x3.2,RHS,EN 10210-2,Hot finished rectangular hollow sections,RHS,100,50,3.2,,,,4.8,3.2,7.13,0.292,908,,303,605,1159000,387800,35.7,20.7,23170,15510,28940,17730,934500,26380,,,a,1,https://eurocodeapplied.com/design/en1993/rhs-design-properties
RHS 100x50x4,RHS,EN 10210-2,Hot finished rectangular hollow sections,RHS,100,50,4,,,,6,4,8.78,0.29,1119,,373,746,1396000,461900,35.3,20.3,27920,18480,35240,21470,1128000,31400,,,a,1,https://eurocodeapplied.com/design/en1993/rhs-design-properties
RHS 100x50x5,RHS,EN 10210-2,Hot finished rectangular hollow sections,RHS,100,50,5,,,,7.5,5,10.8,0.287,1373,,458,915,1665000,543000,34.8,19.9,33300,21720,42610,25780,1347000,36910,,,a,1,https://eurocodeapplied.com/design/en1993/rhs-design-properties
RHS 100x50x6.3,RHS,EN 10210-2,Hot finished rectangular hollow sections,RHS,100,50,6.3,,,,9.4,6.3,13.3,0.284,1689,,563,1126,1971000,630500,34.2,19.3,39420,25220,51350,30770,1597000,42890,,,a,1,https://eurocodeapplied.com/design/en1993/rhs-design-properties
RHS 100x50x8,RHS,EN 10210-2,Hot finished rectangular hollow sections,RHS,100,50,8,,,,12,8,16.3,0.279,2075,,692,1384,2299000,717200,33.3,18.6,45980,28690,61380,36300,1864000,48890,,,a,1,https://eurocodeapplied.com/design/en1993/rhs-design-properties
RHS 100x60x3.2,RHS,EN 10210-2,Hot finished rectangular hollow sections,RHS,100,60,3.2,,,,4.8,3.2,7.63,0.312,972,,365,608,1309000,588300,36.7,24.6,26170,19610,32040,22430,1285000,32360,,,a,1,https://eurocodeapplied.com/design/en1993/rhs-design-properties
RHS 100x60x4,RHS,EN 10210-2,Hot finished rectangular hollow sections,RHS,100,60,4,,,,6,4,9.41,0.31,1199,,450,749,1580000,705200,36.3,24.3,31610,23510,39080,27270,1559000,38740,,,a,1,https://eurocodeapplied.com/design/en1993/rhs-design-properties
RHS 100x60x5,RHS,EN 10210-2,Hot finished rectangular hollow sections,RHS,100,60,5,,,,7.5,5,11.6,0.307,1473,,552,921,1891000,835900,35.8,23.8,37820,27860,47360,32890,1875000,45860,,,a,1,https://eurocodeapplied.com/design/en1993/rhs-design-properties
RHS 100x60x6.3,RHS,EN 10210-2,Hot finished rectangular hollow sections,RHS,100,60,6.3,,,,9.4,6.3,14.2,0.304,1815,,680,1134,2248000,981500,35.2,23.3,44960,32720,57250,39530,2244000,53810,,,a,1,https://eurocodeapplied.com/design/en1993/rhs-design-properties
RHS 100x60x8,RHS,EN 10210-2,Hot finished rectangular hollow sections,RHS,100,60,8,,,,12,8,17.5,0.299,2235,,838,1397,2638000,1133000,34.4,22.5,52770,37780,68740,47080,2654000,62170,,,a,1,https://eurocodeapplied.com/design/en1993/rhs-design-properties
RHS 120x60x4,RHS,EN 10210-2,Hot finished rectangular hollow sections,RHS,120,60,4,,,,6,4,10.7,0.35,1359,,453,906,2487000,830900,42.8,24.7,41460,27700,51870,31750,2007000,47100,,,a,1,https://eurocodeapplied.com/design/en1993/rhs-design-properties
RHS 120x60x5,RHS,EN 10210-2,Hot finished rectangular hollow sections,RHS,120,60,5,,,,7.5,5,13.1,0.347,1673,,558,1115,2992000,987600,42.3,24.3,49870,32920,63090,38390,2418000,55950,,,a,1,https://eurocodeapplied.com/design/en1993/rhs-design-properties
RHS 120x60x6.3,RHS,EN 10210-2,Hot finished rectangular hollow sections,RHS,120,60,6.3,,,,9.4,6.3,16.2,0.344,2067,,689,1378,3583000,1164000,41.6,23.7,59710,38800,76660,46300,2900000,65940,,,a,1,https://eurocodeapplied.com/design/en1993/rhs-design-properties
RHS 120x60x8,RHS,EN 10210-2,Hot finished rectangular hollow sections,RHS,120,60,8,,,,12,8,20.1,0.339,2555,,852,1704,4247000,1351000,40.8,23,70790,45050,92700,55400,3443000,76640,,,a,1,https://eurocodeapplied.com/design/en1993/rhs-design-properties
RHS 120x60x10,RHS,EN 10210-2,Hot finished rectangular hollow sections,RHS,120,60,10,,,,15,10,24.3,0.334,3093,,1031,2062,4881000,1515000,39.7,22.1,81360,50510,109200,64379.99999999999,3957000,86130,,,a,1,https://eurocodeapplied.com/design/en1993/rhs-design-properties
RHS 120x80x4,RHS,EN 10210-2,Hot finished rectangular hollow sections,RHS,120,80,4,,,,6,4,11.9,0.39,1519,,608,911,3026000,1607000,44.6,32.5,50430,40180,61150,46140,3304000,64980.00000000001,,,a,1,https://eurocodeapplied.com/design/en1993/rhs-design-properties
RHS 120x80x5,RHS,EN 10210-2,Hot finished rectangular hollow sections,RHS,120,80,5,,,,7.5,5,14.7,0.387,1873,,749,1124,3654000,1929000,44.2,32.1,60900,48240,74590,56130,4013000,77880,,,a,1,https://eurocodeapplied.com/design/en1993/rhs-design-properties
RHS 120x80x6.3,RHS,EN 10210-2,Hot finished rectangular hollow sections,RHS,120,80,6.3,,,,9.4,6.3,18.2,0.384,2319,,927,1391,4398000,2305000,43.6,31.5,73300,57620,90980,68220,4866000,92870,,,a,1,https://eurocodeapplied.com/design/en1993/rhs-design-properties
RHS 120x80x8,RHS,EN 10210-2,Hot finished rectangular hollow sections,RHS,120,80,8,,,,12,8,22.6,0.379,2875,,1150,1725,5253000,2726000,42.7,30.8,87540,68140,110600,82550,5866000,109700,,,a,1,https://eurocodeapplied.com/design/en1993/rhs-design-properties
RHS 120x80x10,RHS,EN 10210-2,Hot finished rectangular hollow sections,RHS,120,80,10,,,,15,10,27.4,0.374,3493,,1397,2096,6095000,3126000,41.8,29.9,101600,78140,131200,97300,6876000,125700,,,a,1,https://eurocodeapplied.com/design/en1993/rhs-design-properties
RHS 140x80x4,RHS,EN 10210-2,Hot finished rectangular hollow sections,RHS,140,80,4,,,,6,4,13.2,0.43,1679,,610,1068,4406000,1838000,51.2,33.1,62940,45960,77140,52220,4107000,76530,,,a,1,https://eurocodeapplied.com/design/en1993/rhs-design-properties
RHS 140x80x5,RHS,EN 10210-2,Hot finished rectangular hollow sections,RHS,140,80,5,,,,7.5,5,16.3,0.427,2073,,754,1319,5340000,2211000,50.8,32.7,76280,55280,94320,63630,4994000,91940,,,a,1,https://eurocodeapplied.com/design/en1993/rhs-design-properties
RHS 140x80x6.3,RHS,EN 10210-2,Hot finished rectangular hollow sections,RHS,140,80,6.3,,,,9.4,6.3,20.2,0.424,2571,,935,1636,6458000,2648000,50.1,32.1,92260,66200,115400,77510,6065000,110000,,,a,1,https://eurocodeapplied.com/design/en1993/rhs-design-properties
RHS 140x80x8,RHS,EN 10210-2,Hot finished rectangular hollow sections,RHS,140,80,8,,,,12,8,25.1,0.419,3195,,1162,2033,7763000,3142000,49.3,31.4,110900,78550,141000,94070,7329000,130400,,,a,1,https://eurocodeapplied.com/design/en1993/rhs-design-properties
RHS 140x80x10,RHS,EN 10210-2,Hot finished rectangular hollow sections,RHS,140,80,10,,,,15,10,30.6,0.414,3893,,1416,2477,9081000,3619000,48.3,30.5,129699.99999999999,90470,168100,111300,8621000,150300,,,a,1,https://eurocodeapplied.com/design/en1993/rhs-design-properties
RHS 150x100x4,RHS,EN 10210-2,Hot finished rectangular hollow sections,RHS,150,100,4,,,,6,4,15.1,0.49,1919,,768,1151,6073000,3240000,56.3,41.1,80970,64810,97410,73640,6601000,105000,,,a,2,https://eurocodeapplied.com/design/en1993/rhs-design-properties
RHS 150x100x5,RHS,EN 10210-2,Hot finished rectangular hollow sections,RHS,150,100,5,,,,7.5,5,18.6,0.487,2373,,949,1424,7387000,3923000,55.8,40.7,98500,78470,119400,90110,8067000,126900,,,a,1,https://eurocodeapplied.com/design/en1993/rhs-design-properties
RHS 150x100x6.3,RHS,EN 10210-2,Hot finished rectangular hollow sections,RHS,150,100,6.3,,,,9.4,6.3,23.1,0.484,2949,,1179,1769,8979000,4741000,55.2,40.1,119700,94810,146700,110400,9865000,153100,,,a,1,https://eurocodeapplied.com/design/en1993/rhs-design-properties
RHS 150x100x8,RHS,EN 10210-2,Hot finished rectangular hollow sections,RHS,150,100,8,,,,12,8,28.9,0.479,3675,,1470,2205,10870000,5693000,54.4,39.4,144900,113900,180100,135000,12030000,183500,,,a,1,https://eurocodeapplied.com/design/en1993/rhs-design-properties
RHS 150x100x10,RHS,EN 10210-2,Hot finished rectangular hollow sections,RHS,150,100,10,,,,15,10,35.3,0.474,4493,,1797,2696,12820000,6654000,53.4,38.5,171000,133100,216000,161200,14320000,214200,,,a,1,https://eurocodeapplied.com/design/en1993/rhs-design-properties
RHS 150x100x12.5,RHS,EN 10210-2,Hot finished rectangular hollow sections,RHS,150,100,12.5,,,,18.8,12.5,42.8,0.468,5457,,2183,3274,14880000,7631000,52.2,37.4,198400,152600,256200,190000,16790000,245500,,,a,1,https://eurocodeapplied.com/design/en1993/rhs-design-properties
RHS 160x80x4,RHS,EN 10210-2,Hot finished rectangular hollow sections,RHS,160,80,4,,,,6,4,14.4,0.47,1839,,613,1226,6122000,2069999.9999999998,57.7,33.5,76530,51740,94730,58300,4930000,88080,,,a,2,https://eurocodeapplied.com/design/en1993/rhs-design-properties
RHS 160x80x5,RHS,EN 10210-2,Hot finished rectangular hollow sections,RHS,160,80,5,,,,7.5,5,17.8,0.467,2273,,758,1515,7440000,2493000,57.2,33.1,93000,62320,116100,71130,6000000,106000,,,a,1,https://eurocodeapplied.com/design/en1993/rhs-design-properties
RHS 160x80x6.3,RHS,EN 10210-2,Hot finished rectangular hollow sections,RHS,160,80,6.3,,,,9.4,6.3,22.2,0.464,2823,,941,1882,9032000,2991000,56.6,32.6,112900,74780,142400,86800,7296000,127100,,,a,1,https://eurocodeapplied.com/design/en1993/rhs-design-properties
RHS 160x80x8,RHS,EN 10210-2,Hot finished rectangular hollow sections,RHS,160,80,8,,,,12,8,27.6,0.459,3515,,1172,2344,10910000,3558000,55.7,31.8,136400,88960,174500,105600,8831000,151200,,,a,1,https://eurocodeapplied.com/design/en1993/rhs-design-properties
RHS 160x80x10,RHS,EN 10210-2,Hot finished rectangular hollow sections,RHS,160,80,10,,,,15,10,33.7,0.454,4293,,1431,2862,12840000,4112000,54.7,31,160600,102800,209000,125300,10410000,174800,,,a,1,https://eurocodeapplied.com/design/en1993/rhs-design-properties
RHS 160x80x12.5,RHS,EN 10210-2,Hot finished rectangular hollow sections,RHS,160,80,12.5,,,,18.8,12.5,40.9,0.448,5207,,1736,3472,14850000,4647000,53.4,29.9,185700,116200,247200,146400,12040000,197900,,,a,1,https://eurocodeapplied.com/design/en1993/rhs-design-properties
RHS 180x100x4,RHS,EN 10210-2,Hot finished rectangular hollow sections,RHS,180,100,4,,,,6,4,16.9,0.55,2159,,771,1388,9445000,3794000,66.1,41.9,104900,75870,128000,85160,8521000,127100,,,a,3,https://eurocodeapplied.com/design/en1993/rhs-design-properties
RHS 180x100x5,RHS,EN 10210-2,Hot finished rectangular hollow sections,RHS,180,100,5,,,,7.5,5,21,0.547,2673,,955,1718,11530000,4601000,65.7,41.5,128100,92020,157300,104400,10420000,154000,,,a,1,https://eurocodeapplied.com/design/en1993/rhs-design-properties
RHS 180x100x6.3,RHS,EN 10210-2,Hot finished rectangular hollow sections,RHS,180,100,6.3,,,,9.4,6.3,26.1,0.544,3327,,1188,2139,14070000,5572000,65,40.9,156400,111400,193800,128100,12770000,186200,,,a,1,https://eurocodeapplied.com/design/en1993/rhs-design-properties
RHS 180x100x8,RHS,EN 10210-2,Hot finished rectangular hollow sections,RHS,180,100,8,,,,12,8,32.6,0.539,4155,,1484,2671,17130000,6711000,64.2,40.2,190400,134200,238800,157100,15600000,224100,,,a,1,https://eurocodeapplied.com/design/en1993/rhs-design-properties
RHS 180x100x10,RHS,EN 10210-2,Hot finished rectangular hollow sections,RHS,180,100,10,,,,15,10,40,0.534,5093,,1819,3274,20360000,7874000,63.2,39.3,226200,157500,287900,188200,18620000,262800,,,a,1,https://eurocodeapplied.com/design/en1993/rhs-design-properties
RHS 180x100x12.5,RHS,EN 10210-2,Hot finished rectangular hollow sections,RHS,180,100,12.5,,,,18.8,12.5,48.7,0.528,6207,,2217,3990,23850000,9076000,62,38.2,265000,181500,343700,222900,21910000,303100,,,a,1,https://eurocodeapplied.com/design/en1993/rhs-design-properties
RHS 200x100x4,RHS,EN 10210-2,Hot finished rectangular hollow sections,RHS,200,100,4,,,,6,4,18.2,0.59,2319,,773,1546,12230000,4162000,72.6,42.4,122300,83250,150400,92840,9834000,141900,,,a,4,https://eurocodeapplied.com/design/en1993/rhs-design-properties
RHS 200x100x5,RHS,EN 10210-2,Hot finished rectangular hollow sections,RHS,200,100,5,,,,7.5,5,22.6,0.587,2873,,958,1915,14950000,5053000,72.1,41.9,149500,101100,185000,113900,12040000,172000,,,a,2,https://eurocodeapplied.com/design/en1993/rhs-design-properties
RHS 200x100x6.3,RHS,EN 10210-2,Hot finished rectangular hollow sections,RHS,200,100,6.3,,,,9.4,6.3,28.1,0.584,3579,,1193,2386,18290000,6125000,71.5,41.4,182900,122500,228300,139900,14750000,208400,,,a,1,https://eurocodeapplied.com/design/en1993/rhs-design-properties
RHS 200x100x8,RHS,EN 10210-2,Hot finished rectangular hollow sections,RHS,200,100,8,,,,12,8,35.1,0.579,4475,,1492,2984,22340000,7390000,70.6,40.6,223400,147800,282000,171800,18040000,251200,,,a,1,https://eurocodeapplied.com/design/en1993/rhs-design-properties
RHS 200x100x10,RHS,EN 10210-2,Hot finished rectangular hollow sections,RHS,200,100,10,,,,15,10,43.1,0.574,5493,,1831,3662,26640000,8688000,69.6,39.8,266400,173800,340900,206200,21560000,295300,,,a,1,https://eurocodeapplied.com/design/en1993/rhs-design-properties
RHS 200x100x12.5,RHS,EN 10210-2,Hot finished rectangular hollow sections,RHS,200,100,12.5,,,,18.8,12.5,52.7,0.568,6707,,2236,4472,31360000,10040000,68.4,38.7,313600,200800,408200,244700,25410000,341500,,,a,1,https://eurocodeapplied.com/design/en1993/rhs-design-properties
RHS 200x100x16,RHS,EN 10210-2,Hot finished rectangular hollow sections,RHS,200,100,16,,,,24,16,65.2,0.559,8301,,2767,5534,36780000,11470000,66.6,37.2,367800,229500,491100,290400,29820000,391100,,,a,1,https://eurocodeapplied.com/design/en1993/rhs-design-properties
RHS 200x120x6.3,RHS,EN 10210-2,Hot finished rectangular hollow sections,RHS,200,120,6.3,,,,9.4,6.3,30.1,0.624,3831,,1436,2394,20650000,9290000,73.4,49.2,206500,154800,252700,176900,20280000,255500,,,a,1,https://eurocodeapplied.com/design/en1993/rhs-design-properties
RHS 200x120x8,RHS,EN 10210-2,Hot finished rectangular hollow sections,RHS,200,120,8,,,,12,8,37.6,0.619,4795,,1798,2997,25290000,11280000,72.6,48.5,252900,188100,312700,218100,24950000,309900,,,a,1,https://eurocodeapplied.com/design/en1993/rhs-design-properties
RHS 200x120x10,RHS,EN 10210-2,Hot finished rectangular hollow sections,RHS,200,120,10,,,,15,10,46.3,0.614,5893,,2210,3683,30260000,13370000,71.7,47.6,302600,222900,378900,263200,30010000,366900,,,a,1,https://eurocodeapplied.com/design/en1993/rhs-design-properties
RHS 200x120x12.5,RHS,EN 10210-2,Hot finished rectangular hollow sections,RHS,200,120,12.5,,,,18.8,12.5,56.6,0.608,7207,,2703,4505,35760000,15620000,70.4,46.6,357600,260399.99999999997,455100,314300,35690000,428300,,,a,1,https://eurocodeapplied.com/design/en1993/rhs-design-properties
RHS 250x150x6.3,RHS,EN 10210-2,Hot finished rectangular hollow sections,RHS,250,150,6.3,,,,9.4,6.3,38,0.784,4839,,1814,3024,41430000,18740000,92.5,62.2,331400,249900,402400,282500,40540000,412900,,,a,2,https://eurocodeapplied.com/design/en1993/rhs-design-properties
RHS 250x150x8,RHS,EN 10210-2,Hot finished rectangular hollow sections,RHS,250,150,8,,,,12,8,47.7,0.779,6075,,2278,3797,51110000,22980000,91.7,61.5,408900,306400,500600,350500,50210000,505600,,,a,1,https://eurocodeapplied.com/design/en1993/rhs-design-properties
RHS 250x150x10,RHS,EN 10210-2,Hot finished rectangular hollow sections,RHS,250,150,10,,,,15,10,58.8,0.774,7493,,2810,4683,61740000,27550000,90.8,60.6,493900,367300,610700,426000,60900000,605200,,,a,1,https://eurocodeapplied.com/design/en1993/rhs-design-properties
RHS 250x150x12.5,RHS,EN 10210-2,Hot finished rectangular hollow sections,RHS,250,150,12.5,,,,18.8,12.5,72.3,0.768,9207,,3453,5755,73870000,32650000,89.6,59.6,590900,435400,740000,514000,73260000,716600,,,a,1,https://eurocodeapplied.com/design/en1993/rhs-design-properties
RHS 250x150x14.2,RHS,EN 10210-2,Hot finished rectangular hollow sections,RHS,250,150,14.2,,,,21.3,14.2,81.1,0.763,10337,,3876,6461,81410000,35760000,88.7,58.8,651300,476800,822700,569700,81020000,784400,,,a,1,https://eurocodeapplied.com/design/en1993/rhs-design-properties
RHS 250x150x16,RHS,EN 10210-2,Hot finished rectangular hollow sections,RHS,250,150,16,,,,24,16,90.3,0.759,11501,,4313,7188,88790000,38730000,87.9,58,710400,516400,905800,625100,88680000,849500,,,a,1,https://eurocodeapplied.com/design/en1993/rhs-design-properties
RHS 260x180x6.3,RHS,EN 10210-2,Hot finished rectangular hollow sections,RHS,260,180,6.3,,,,9.4,6.3,41.9,0.864,5343,,2186,3157,51660000,29290000,98.3,74,397400,325400,474900,368900,58100000,523700.00000000006,,,a,2,https://eurocodeapplied.com/design/en1993/rhs-design-properties
RHS 260x180x8,RHS,EN 10210-2,Hot finished rectangular hollow sections,RHS,260,180,8,,,,12,8,52.7,0.859,6715,,2747,3968,63900000,36080000,97.5,73.3,491500,400900,591900,459000,72210000,644000,,,a,1,https://eurocodeapplied.com/design/en1993/rhs-design-properties
RHS 260x180x10,RHS,EN 10210-2,Hot finished rectangular hollow sections,RHS,260,180,10,,,,15,10,65.1,0.854,8293,,3392,4900,77410000,43510000,96.6,72.4,595500,483400,723600,559900,87980000,775100,,,a,1,https://eurocodeapplied.com/design/en1993/rhs-design-properties
RHS 260x180x12.5,RHS,EN 10210-2,Hot finished rectangular hollow sections,RHS,260,180,12.5,,,,18.8,12.5,80.1,0.848,10207,,4176,6032,92990000,51960000,95.4,71.3,715300,577300,879400,678700,106400000,923800,,,a,1,https://eurocodeapplied.com/design/en1993/rhs-design-properties
RHS 260x180x14.2,RHS,EN 10210-2,Hot finished rectangular hollow sections,RHS,260,180,14.2,,,,21.3,14.2,90.1,0.843,11473,,4694,6780,102800000,57190000,94.6,70.6,790600,635500,979800,754700,118200000,1016000,,,a,1,https://eurocodeapplied.com/design/en1993/rhs-design-properties
RHS 260x180x16,RHS,EN 10210-2,Hot finished rectangular hollow sections,RHS,260,180,16,,,,24,16,100.3,0.839,12781,,5229,7553,112500000,62310000,93.8,69.8,865000,692300,1081000,831100,129900000,1106000,,,a,1,https://eurocodeapplied.com/design/en1993/rhs-design-properties
RHS 300x200x6.3,RHS,EN 10210-2,Hot finished rectangular hollow sections,RHS,300,200,6.3,,,,9.4,6.3,47.9,0.984,6099,,2439,3659,78290000,41930000,113.3,82.9,521900,419300,623800,472400,84760000,680600,,,a,4,https://eurocodeapplied.com/design/en1993/rhs-design-properties
RHS 300x200x8,RHS,EN 10210-2,Hot finished rectangular hollow sections,RHS,300,200,8,,,,12,8,60.3,0.979,7675,,3070,4605,97170000,51840000,112.5,82.2,647800,518400,779300,589200,105600000,840000,,,a,2,https://eurocodeapplied.com/design/en1993/rhs-design-properties
RHS 300x200x10,RHS,EN 10210-2,Hot finished rectangular hollow sections,RHS,300,200,10,,,,15,10,74.5,0.974,9493,,3797,5696,118200000,62780000,111.6,81.3,788000,627800,955500,720900,129100000,1015000,,,a,1,https://eurocodeapplied.com/design/en1993/rhs-design-properties
RHS 300x200x12.5,RHS,EN 10210-2,Hot finished rectangular hollow sections,RHS,300,200,12.5,,,,18.8,12.5,91.9,0.968,11707,,4683,7024,142700000,75370000,110.4,80.2,951500,753700,1165000,877000,156800000,1217000,,,a,1,https://eurocodeapplied.com/design/en1993/rhs-design-properties
RHS 300x200x14.2,RHS,EN 10210-2,Hot finished rectangular hollow sections,RHS,300,200,14.2,,,,21.3,14.2,103.4,0.963,13177,,5271,7906,158300000,83280000,109.6,79.5,1055000,832800,1302000,977800,174600000,1343000,,,a,1,https://eurocodeapplied.com/design/en1993/rhs-design-properties
RHS 300x200x16,RHS,EN 10210-2,Hot finished rectangular hollow sections,RHS,300,200,16,,,,24,16,115.4,0.959,14701,,5881,8821,173900000,91090000,108.8,78.7,1159000,910900,1441000,1080000,192500000,1468000,,,a,1,https://eurocodeapplied.com/design/en1993/rhs-design-properties
RHS 350x250x6.3,RHS,EN 10210-2,Hot finished rectangular hollow sections,RHS,350,250,6.3,,,,9.4,6.3,57.8,1.184,7359,,3066,4293,132000000,78850000,133.9,103.5,754500,630800,892400,709500,152100000,1011000,,,a,4,https://eurocodeapplied.com/design/en1993/rhs-design-properties
RHS 350x250x8,RHS,EN 10210-2,Hot finished rectangular hollow sections,RHS,350,250,8,,,,12,8,72.8,1.179,9275,,3865,5411,164500000,97980000,133.2,102.8,940000,783900,1118000,887800,190300000,1254000,,,a,3,https://eurocodeapplied.com/design/en1993/rhs-design-properties
RHS 350x250x10,RHS,EN 10210-2,Hot finished rectangular hollow sections,RHS,350,250,10,,,,15,10,90.2,1.174,11493,,4789,6704,201000000,119400000,132.3,101.9,1149000,955000,1375000,1091000,233500000,1525000,,,a,1,https://eurocodeapplied.com/design/en1993/rhs-design-properties
RHS 350x250x12.5,RHS,EN 10210-2,Hot finished rectangular hollow sections,RHS,350,250,12.5,,,,18.8,12.5,111.5,1.168,14207,,5920,8288,244200000,144400000,131.1,100.8,1395000,1156000,1685000,1334000,285300000,1842000,,,a,1,https://eurocodeapplied.com/design/en1993/rhs-design-properties
RHS 350x250x14.2,RHS,EN 10210-2,Hot finished rectangular hollow sections,RHS,350,250,14.2,,,,21.3,14.2,125.7,1.163,16017,,6674,9343,272000000,160500000,130.3,100.1,1554000,1284000,1887000,1492000,318900000,2044000,,,a,1,https://eurocodeapplied.com/design/en1993/rhs-design-properties
RHS 350x250x16,RHS,EN 10210-2,Hot finished rectangular hollow sections,RHS,350,250,16,,,,24,16,140.5,1.159,17901,,7459,10442,300100000,176500000,129.5,99.3,1715000,1412000,2095000,1655000,353300000,2246000,,,a,1,https://eurocodeapplied.com/design/en1993/rhs-design-properties
RHS 400x200x8,RHS,EN 10210-2,Hot finished rectangular hollow sections,RHS,400,200,8,,,,12,8,72.8,1.179,9275,,3092,6184,195600000,66599999.99999999,145.2,84.7,978100,666000,1203000,742800,157300000,1135000,,,a,4,https://eurocodeapplied.com/design/en1993/rhs-design-properties
RHS 400x200x10,RHS,EN 10210-2,Hot finished rectangular hollow sections,RHS,400,200,10,,,,15,10,90.2,1.174,11493,,3831,7662,239100000,80840000,144.3,83.9,1196000,808400,1480000,910900,192600000,1376000,,,a,2,https://eurocodeapplied.com/design/en1993/rhs-design-properties
RHS 400x200x12.5,RHS,EN 10210-2,Hot finished rectangular hollow sections,RHS,400,200,12.5,,,,18.8,12.5,111.5,1.168,14207,,4736,9472,290600000,97380000,143,82.8,1453000,973800,1813000,1111000,234400000,1656000,,,a,1,https://eurocodeapplied.com/design/en1993/rhs-design-properties
RHS 400x200x14.2,RHS,EN 10210-2,Hot finished rectangular hollow sections,RHS,400,200,14.2,,,,21.3,14.2,125.7,1.163,16017,,5339,10678,323800000,107800000,142.2,82.1,1619000,1078000,2032000,1242000,261400000,1834000,,,a,1,https://eurocodeapplied.com/design/en1993/rhs-design-properties
RHS 400x200x16,RHS,EN 10210-2,Hot finished rectangular hollow sections,RHS,400,200,16,,,,24,16,140.5,1.159,17901,,5967,11934,357400000,118200000,141.3,81.3,1787000,1182000,2256000,1374000,288700000,2010000,,,a,1,https://eurocodeapplied.com/design/en1993/rhs-design-properties
RHS 450x250x8,RHS,EN 10210-2,Hot finished rectangular hollow sections,RHS,450,250,8,,,,12,8,85.4,1.379,10875,,3884,6991,300800000,121400000,166.3,105.7,1337000,971300,1622000,1081000,270800000,1629000,,,a,4,https://eurocodeapplied.com/design/en1993/rhs-design-properties
RHS 450x250x10,RHS,EN 10210-2,Hot finished rectangular hollow sections,RHS,450,250,10,,,,15,10,105.9,1.374,13493,,4819,8674,368900000,148200000,165.4,104.8,1640000,1185000,2000000,1331000,332800000,1986000,,,a,3,https://eurocodeapplied.com/design/en1993/rhs-design-properties
RHS 450x250x12.5,RHS,EN 10210-2,Hot finished rectangular hollow sections,RHS,450,250,12.5,,,,18.8,12.5,131.2,1.368,16707,,5967,10740,450300000,179700000,164.2,103.7,2001000,1438000,2458000,1631000,407200000,2406000,,,a,1,https://eurocodeapplied.com/design/en1993/rhs-design-properties
RHS 450x250x14.2,RHS,EN 10210-2,Hot finished rectangular hollow sections,RHS,450,250,14.2,,,,21.3,14.2,148,1.363,18857,,6735,12122,503100000,200000000,163.3,103,2236000,1600000,2759000,1827000,455800000,2675000,,,a,1,https://eurocodeapplied.com/design/en1993/rhs-design-properties
RHS 450x250x16,RHS,EN 10210-2,Hot finished rectangular hollow sections,RHS,450,250,16,,,,24,16,165.6,1.359,21101,,7536,13565,557100000,220400000,162.5,102.2,2476000,1763000,3070000,2029000,505500000,2947000,,,a,1,https://eurocodeapplied.com/design/en1993/rhs-design-properties
RHS 500x300x10,RHS,EN 10210-2,Hot finished rectangular hollow sections,RHS,500,300,10,,,,15,10,121.6,1.574,15493,,5810,9683,537600000,244400000,186.3,125.6,2150000,1629000,2595000,1826000,524500000,2696000,,,a,4,https://eurocodeapplied.com/design/en1993/rhs-design-properties
RHS 500x300x12.5,RHS,EN 10210-2,Hot finished rectangular hollow sections,RHS,500,300,12.5,,,,18.8,12.5,150.8,1.568,19207,,7203,12005,658100000,297800000,185.1,124.5,2633000,1985000,3196000,2244000,643900000,3281000,,,a,2,https://eurocodeapplied.com/design/en1993/rhs-design-properties
RHS 500x300x14.2,RHS,EN 10210-2,Hot finished rectangular hollow sections,RHS,500,300,14.2,,,,21.3,14.2,170.3,1.563,21697,,8136,13561,737000000,332400000,184.3,123.8,2948000,2216000,3593000,2519000,722400000,3660000,,,a,1,https://eurocodeapplied.com/design/en1993/rhs-design-properties
RHS 500x300x16,RHS,EN 10210-2,Hot finished rectangular hollow sections,RHS,500,300,16,,,,24,16,190.8,1.559,24301,,9113,15188,817800000,367700000,183.4,123,3271000,2451000,4005000,2804000,803300000,4044000,,,a,1,https://eurocodeapplied.com/design/en1993/rhs-design-properties
RHS 500x300x20,RHS,EN 10210-2,Hot finished rectangular hollow sections,RHS,500,300,20,,,,30,20,235.3,1.548,29971,,11239,18732,987800000,440800000,181.5,121.3,3951000,2939000,4885000,3408000,974500000,4842000,,,a,1,https://eurocodeapplied.com/design/en1993/rhs-design-properties
L 200x200x24,L,BS EN 10056-1:2017,Equal leg angles,L,200,200,24,,,18,9,,71.1,,9060,,,,33300000,33300000,60.6,60.6,235000,235000,,,1820000,,,,,,https://www.steelforlifebluebook.co.uk/l-equal/ec3-ukna/section-properties-dimensions-properties
L 200x200x20,L,BS EN 10056-1:2017,Equal leg angles,L,200,200,20,,,18,9,,59.9,,7630,,,,28500000,28500000,61.1,61.1,199000,199000,,,1070000,,,,,,https://www.steelforlifebluebook.co.uk/l-equal/ec3-ukna/section-properties-dimensions-properties
L 200x200x18,L,BS EN 10056-1:2017,Equal leg angles,L,200,200,18,,,18,9,,54.3,,6909.999999999999,,,,26000000,26000000,61.3,61.3,181000,181000,,,789000,,,,,,https://www.steelforlifebluebook.co.uk/l-equal/ec3-ukna/section-properties-dimensions-properties
L 200x200x16,L,BS EN 10056-1:2017,Equal leg angles,L,200,200,16,,,18,9,,48.5,,6180,,,,23400000,23400000,61.6,61.6,162000,162000,,,561000,,,,,,https://www.steelforlifebluebook.co.uk/l-equal/ec3-ukna/section-properties-dimensions-properties
L 150x150x18,L,BS EN 10056-1:2017,Equal leg angles,L,150,150,18,,,16,8,,40.1,,5120,,,,10600000,10600000,45.5,45.5,99800,99800,,,586000,,,,,,https://www.steelforlifebluebook.co.uk/l-equal/ec3-ukna/section-properties-dimensions-properties
L 150x150x15,L,BS EN 10056-1:2017,Equal leg angles,L,150,150,15,,,16,8,,33.8,,4300,,,,8980000,8980000,45.7,45.7,83500,83500,,,346000,,,,,,https://www.steelforlifebluebook.co.uk/l-equal/ec3-ukna/section-properties-dimensions-properties
L 150x150x12,L,BS EN 10056-1:2017,Equal leg angles,L,150,150,12,,,16,8,,27.3,,3479.9999999999995,,,,7370000,7370000,46,46,67700,67700,,,182000,,,,,,https://www.steelforlifebluebook.co.uk/l-equal/ec3-ukna/section-properties-dimensions-properties
L 150x150x10,L,BS EN 10056-1:2017,Equal leg angles,L,150,150,10,,,16,8,,23,,2930,,,,6240000,6240000,46.2,46.2,56900,56900,,,108000,,,,,,https://www.steelforlifebluebook.co.uk/l-equal/ec3-ukna/section-properties-dimensions-properties
L 120x120x15,L,BS EN 10056-1:2017,Equal leg angles,L,120,120,15,,,13,6.5,,26.6,,3400,,,,4480000,4480000,36.3,36.3,52800,52800,,,270000,,,,,,https://www.steelforlifebluebook.co.uk/l-equal/ec3-ukna/section-properties-dimensions-properties
L 120x120x12,L,BS EN 10056-1:2017,Equal leg angles,L,120,120,12,,,13,6.5,,21.6,,2750,,,,3680000,3680000,36.5,36.5,42700,42700,,,142000,,,,,,https://www.steelforlifebluebook.co.uk/l-equal/ec3-ukna/section-properties-dimensions-properties
L 120x120x10,L,BS EN 10056-1:2017,Equal leg angles,L,120,120,10,,,13,6.5,,18.2,,2320,,,,3130000,3130000,36.7,36.7,36000,36000,,,84100,,,,,,https://www.steelforlifebluebook.co.uk/l-equal/ec3-ukna/section-properties-dimensions-properties
L 120x120x8,L,BS EN 10056-1:2017,Equal leg angles,L,120,120,8,,,13,6.5,,14.7,,1880,,,,2590000,2590000,37.1,37.1,29500,29500,,,44400.00000000001,,,,,,https://www.steelforlifebluebook.co.uk/l-equal/ec3-ukna/section-properties-dimensions-properties
L 100x100x15,L,BS EN 10056-1:2017,Equal leg angles,L,100,100,15,,,12,6,,21.9,,2800,,,,2500000,2500000,29.9,29.9,35800,35800,,,223000,,,,,,https://www.steelforlifebluebook.co.uk/l-equal/ec3-ukna/section-properties-dimensions-properties
L 100x100x12,L,BS EN 10056-1:2017,Equal leg angles,L,100,100,12,,,12,6,,17.8,,2270,,,,2070000,2070000,30.2,30.2,29100,29100,,,118000,,,,,,https://www.steelforlifebluebook.co.uk/l-equal/ec3-ukna/section-properties-dimensions-properties
L 100x100x10,L,BS EN 10056-1:2017,Equal leg angles,L,100,100,10,,,12,6,,15,,1920,,,,1770000,1770000,30.4,30.4,24600,24600,,,69700,,,,,,https://www.steelforlifebluebook.co.uk/l-equal/ec3-ukna/section-properties-dimensions-properties
L 100x100x8,L,BS EN 10056-1:2017,Equal leg angles,L,100,100,8,,,12,6,,12.2,,1550,,,,1450000,1450000,30.6,30.6,19900,19900,,,36800,,,,,,https://www.steelforlifebluebook.co.uk/l-equal/ec3-ukna/section-properties-dimensions-properties
L 90x90x12,L,BS EN 10056-1:2017,Equal leg angles,L,90,90,12,,,11,5.5,,15.9,,2030,,,,1490000,1490000,27.1,27.1,23500,23500,,,105000,,,,,,https://www.steelforlifebluebook.co.uk/l-equal/ec3-ukna/section-properties-dimensions-properties
L 90x90x10,L,BS EN 10056-1:2017,Equal leg angles,L,90,90,10,,,11,5.5,,13.4,,1710.0000000000002,,,,1270000,1270000,27.2,27.2,19800,19800,,,62000,,,,,,https://www.steelforlifebluebook.co.uk/l-equal/ec3-ukna/section-properties-dimensions-properties
L 90x90x8,L,BS EN 10056-1:2017,Equal leg angles,L,90,90,8,,,11,5.5,,10.9,,1390,,,,1040000,1040000,27.4,27.4,16100.000000000002,16100.000000000002,,,32800,,,,,,https://www.steelforlifebluebook.co.uk/l-equal/ec3-ukna/section-properties-dimensions-properties
L 90x90x7,L,BS EN 10056-1:2017,Equal leg angles,L,90,90,7,,,11,5.5,,9.61,,1220,,,,926000,926000,27.5,27.5,14100,14100,,,22400.000000000004,,,,,,https://www.steelforlifebluebook.co.uk/l-equal/ec3-ukna/section-properties-dimensions-properties
L 80x80x10,L,BS EN 10056-1:2017,Equal leg angles,L,80,80,10,,,10,5,,11.9,,1510,,,,875000,875000,24.1,24.1,15400,15400,,,54500,,,,,,https://www.steelforlifebluebook.co.uk/l-equal/ec3-ukna/section-properties-dimensions-properties
L 80x80x8,L,BS EN 10056-1:2017,Equal leg angles,L,80,80,8,,,10,5,,9.63,,1230,,,,722000,722000,24.3,24.3,12600,12600,,,28800,,,,,,https://www.steelforlifebluebook.co.uk/l-equal/ec3-ukna/section-properties-dimensions-properties
L 75x75x8,L,BS EN 10056-1:2017,Equal leg angles,L,75,75,8,,,9,4.5,,8.99,,1140,,,,591000,591000,22.7,22.7,11000,11000,,,26500,,,,,,https://www.steelforlifebluebook.co.uk/l-equal/ec3-ukna/section-properties-dimensions-properties
L 75x75x6,L,BS EN 10056-1:2017,Equal leg angles,L,75,75,6,,,9,4.5,,6.85,,873,,,,458000,458000,22.9,22.9,8410,8410,,,11700,,,,,,https://www.steelforlifebluebook.co.uk/l-equal/ec3-ukna/section-properties-dimensions-properties
L 70x70x7,L,BS EN 10056-1:2017,Equal leg angles,L,70,70,7,,,9,4.5,,7.38,,940,,,,423000,423000,21.2,21.2,8410,8410,,,16900,,,,,,https://www.steelforlifebluebook.co.uk/l-equal/ec3-ukna/section-properties-dimensions-properties
L 70x70x6,L,BS EN 10056-1:2017,Equal leg angles,L,70,70,6,,,9,4.5,,6.38,,813.0000000000001,,,,369000,369000,21.3,21.3,7270,7270,,,10900,,,,,,https://www.steelforlifebluebook.co.uk/l-equal/ec3-ukna/section-properties-dimensions-properties
L 65x65x7,L,BS EN 10056-1:2017,Equal leg angles,L,65,65,7,,,9,4.5,,6.83,,873,,,,334000,334000,19.6,19.6,7180,7180,,,15800,,,,,,https://www.steelforlifebluebook.co.uk/l-equal/ec3-ukna/section-properties-dimensions-properties
L 60x60x8,L,BS EN 10056-1:2017,Equal leg angles,L,60,60,8,,,8,4,,7.09,,902.9999999999999,,,,292000,292000,18,18,6890,6890,,,20900,,,,,,https://www.steelforlifebluebook.co.uk/l-equal/ec3-ukna/section-properties-dimensions-properties
L 60x60x6,L,BS EN 10056-1:2017,Equal leg angles,L,60,60,6,,,8,4,,5.42,,691,,,,228000,228000,18.2,18.2,5290,5290,,,9220,,,,,,https://www.steelforlifebluebook.co.uk/l-equal/ec3-ukna/section-properties-dimensions-properties
L 60x60x5,L,BS EN 10056-1:2017,Equal leg angles,L,60,60,5,,,8,4,,4.57,,582,,,,194000,194000,18.2,18.2,4450,4450,,,5500,,,,,,https://www.steelforlifebluebook.co.uk/l-equal/ec3-ukna/section-properties-dimensions-properties
L 50x50x6,L,BS EN 10056-1:2017,Equal leg angles,L,50,50,6,,,7,3.5,,4.47,,569,,,,128000,128000,15,15,3610,3610,,,7550,,,,,,https://www.steelforlifebluebook.co.uk/l-equal/ec3-ukna/section-properties-dimensions-properties
L 50x50x5,L,BS EN 10056-1:2017,Equal leg angles,L,50,50,5,,,7,3.5,,3.77,,480,,,,110000,110000,15.1,15.1,3050,3050,,,4500,,,,,,https://www.steelforlifebluebook.co.uk/l-equal/ec3-ukna/section-properties-dimensions-properties
L 50x50x4,L,BS EN 10056-1:2017,Equal leg angles,L,50,50,4,,,7,3.5,,3.06,,389,,,,89700,89700,15.2,15.2,2460,2460,,,2400,,,,,,https://www.steelforlifebluebook.co.uk/l-equal/ec3-ukna/section-properties-dimensions-properties
L 45x45x4.5,L,BS EN 10056-1:2017,Equal leg angles,L,45,45,4.5,,,7,3.5,,3.06,,390,,,,71400,71400,13.5,13.5,2200,2200,,,3040,,,,,,https://www.steelforlifebluebook.co.uk/l-equal/ec3-ukna/section-properties-dimensions-properties
L 40x40x5,L,BS EN 10056-1:2017,Equal leg angles,L,40,40,5,,,6,3,,2.97,,379,,,,54300,54300,12,12,1910,1910,,,3520,,,,,,https://www.steelforlifebluebook.co.uk/l-equal/ec3-ukna/section-properties-dimensions-properties
L 40x40x4,L,BS EN 10056-1:2017,Equal leg angles,L,40,40,4,,,6,3,,2.42,,308,,,,44700,44700,12.1,12.1,1550,1550,,,1880,,,,,,https://www.steelforlifebluebook.co.uk/l-equal/ec3-ukna/section-properties-dimensions-properties
L 35x35x4,L,BS EN 10056-1:2017,Equal leg angles,L,35,35,4,,,5,2.5,,2.09,,267,,,,29500,29500,10.5,10.5,1180,1180,,,1580,,,,,,https://www.steelforlifebluebook.co.uk/l-equal/ec3-ukna/section-properties-dimensions-properties
L 30x30x4,L,BS EN 10056-1:2017,Equal leg angles,L,30,30,4,,,5,2.5,,1.78,,227,,,,18000,18000,8.92,8.92,850,850,,,1370,,,,,,https://www.steelforlifebluebook.co.uk/l-equal/ec3-ukna/section-properties-dimensions-properties
L 30x30x3,L,BS EN 10056-1:2017,Equal leg angles,L,30,30,3,,,5,2.5,,1.36,,174,,,,14000,14000,8.99,8.99,649,649,,,610,,,,,,https://www.steelforlifebluebook.co.uk/l-equal/ec3-ukna/section-properties-dimensions-properties
L 25x25x4,L,BS EN 10056-1:2017,Equal leg angles,L,25,25,4,,,3.5,1.75,,1.45,,185,,,,10200,10200,7.41,7.41,586,586,,,1070,,,,,,https://www.steelforlifebluebook.co.uk/l-equal/ec3-ukna/section-properties-dimensions-properties
L 25x25x3,L,BS EN 10056-1:2017,Equal leg angles,L,25,25,3,,,3.5,1.75,,1.12,,142,,,,8030.000000000001,8030.000000000001,7.51,7.51,452,452,,,470,,,,,,https://www.steelforlifebluebook.co.uk/l-equal/ec3-ukna/section-properties-dimensions-properties
L 20x20x3,L,BS EN 10056-1:2017,Equal leg angles,L,20,20,3,,,3.5,1.75,,0.88,,112.00000000000001,,,,3920,3920,5.9,5.9,279,279,,,380,,,,,,https://www.steelforlifebluebook.co.uk/l-equal/ec3-ukna/section-properties-dimensions-properties
